run_id,environment_id,source_commit,classification,suite,layer,algorithm,operation,payload_profile,message_bytes,iteration,warmup_iterations,wall_ns,cpu_ns,max_rss_bytes,valid,result,work_units,public_key_bytes,private_key_bytes,signature_bytes,ciphertext_bytes,shared_secret_bytes,serialized_bytes,notes
local-1786749435353649000,macmini-m2-diagnostic,9d3ab807a08ef4cf1077dbc23213e2314ce37c87,MEASURED,protocol,public_rpc_transaction,ML-DSA-87,build_hash_sign_serialize,digest32,32,0,1,652916,648000,6832128,true,signed_serialized_admission_valid,1,2592,4896,4627,0,0,26064,"includes raw BLAKE3 transaction hash, PQCManager signing, embedded public key, JSON, and admission verification"
local-1786749435353649000,macmini-m2-diagnostic,9d3ab807a08ef4cf1077dbc23213e2314ce37c87,MEASURED,protocol,public_rpc_transaction,ML-DSA-87,validate_for_admission,digest32,32,0,1,229417,231000,6914048,true,accepted,1,2592,0,4627,0,0,26178,
local-1786749435353649000,macmini-m2-diagnostic,9d3ab807a08ef4cf1077dbc23213e2314ce37c87,MEASURED,protocol,public_rpc_transaction,ML-DSA-87,build_hash_sign_serialize,small64,64,0,1,861708,836000,6930432,true,signed_serialized_admission_valid,1,2592,4896,4627,0,0,26096,"includes raw BLAKE3 transaction hash, PQCManager signing, embedded public key, JSON, and admission verification"
local-1786749435353649000,macmini-m2-diagnostic,9d3ab807a08ef4cf1077dbc23213e2314ce37c87,MEASURED,protocol,public_rpc_transaction,ML-DSA-87,validate_for_admission,small64,64,0,1,306417,304000,6930432,true,accepted,1,2592,0,4627,0,0,26105,
local-1786749435353649000,macmini-m2-diagnostic,9d3ab807a08ef4cf1077dbc23213e2314ce37c87,MEASURED,protocol,public_rpc_transaction,ML-DSA-87,build_hash_sign_serialize,small128,128,0,1,603208,603000,6946816,true,signed_serialized_admission_valid,1,2592,4896,4627,0,0,26151,"includes raw BLAKE3 transaction hash, PQCManager signing, embedded public key, JSON, and admission verification"
local-1786749435353649000,macmini-m2-diagnostic,9d3ab807a08ef4cf1077dbc23213e2314ce37c87,MEASURED,protocol,public_rpc_transaction,ML-DSA-87,validate_for_admission,small128,128,0,1,211000,212000,6946816,true,accepted,1,2592,0,4627,0,0,26199,
local-1786749435353649000,macmini-m2-diagnostic,9d3ab807a08ef4cf1077dbc23213e2314ce37c87,MEASURED,protocol,public_rpc_transaction,ML-DSA-87,build_hash_sign_serialize,vote192,192,0,1,435208,436000,6946816,true,signed_serialized_admission_valid,1,2592,4896,4627,0,0,26206,"includes raw BLAKE3 transaction hash, PQCManager signing, embedded public key, JSON, and admission verification"
local-1786749435353649000,macmini-m2-diagnostic,9d3ab807a08ef4cf1077dbc23213e2314ce37c87,MEASURED,protocol,public_rpc_transaction,ML-DSA-87,validate_for_admission,vote192,192,0,1,227500,227000,6995968,true,accepted,1,2592,0,4627,0,0,26278,
local-1786749435353649000,macmini-m2-diagnostic,9d3ab807a08ef4cf1077dbc23213e2314ce37c87,MEASURED,protocol,public_rpc_transaction,ML-DSA-87,build_hash_sign_serialize,medium256,256,0,1,1171000,1052000,7028736,true,signed_serialized_admission_valid,1,2592,4896,4627,0,0,26389,"includes raw BLAKE3 transaction hash, PQCManager signing, embedded public key, JSON, and admission verification"
local-1786749435353649000,macmini-m2-diagnostic,9d3ab807a08ef4cf1077dbc23213e2314ce37c87,MEASURED,protocol,public_rpc_transaction,ML-DSA-87,validate_for_admission,medium256,256,0,1,234208,234000,7061504,true,accepted,1,2592,0,4627,0,0,26266,
local-1786749435353649000,macmini-m2-diagnostic,9d3ab807a08ef4cf1077dbc23213e2314ce37c87,MEASURED,protocol,public_rpc_transaction,ML-DSA-87,build_hash_sign_serialize,transaction512,512,0,1,480541,463000,7077888,true,signed_serialized_admission_valid,1,2592,4896,4627,0,0,26525,"includes raw BLAKE3 transaction hash, PQCManager signing, embedded public key, JSON, and admission verification"
local-1786749435353649000,macmini-m2-diagnostic,9d3ab807a08ef4cf1077dbc23213e2314ce37c87,MEASURED,protocol,public_rpc_transaction,ML-DSA-87,validate_for_admission,transaction512,512,0,1,212125,212000,7077888,true,accepted,1,2592,0,4627,0,0,26629,
local-1786749435353649000,macmini-m2-diagnostic,9d3ab807a08ef4cf1077dbc23213e2314ce37c87,MEASURED,protocol,public_rpc_transaction,ML-DSA-87,build_hash_sign_serialize,kilobyte1024,1024,0,1,1324917,1234000,7094272,true,signed_serialized_admission_valid,1,2592,4896,4627,0,0,27104,"includes raw BLAKE3 transaction hash, PQCManager signing, embedded public key, JSON, and admission verification"
local-1786749435353649000,macmini-m2-diagnostic,9d3ab807a08ef4cf1077dbc23213e2314ce37c87,MEASURED,protocol,public_rpc_transaction,ML-DSA-87,validate_for_admission,kilobyte1024,1024,0,1,261166,238000,7127040,true,accepted,1,2592,0,4627,0,0,27197,
local-1786749435353649000,macmini-m2-diagnostic,9d3ab807a08ef4cf1077dbc23213e2314ce37c87,MEASURED,protocol,public_rpc_transaction,ML-DSA-87,build_hash_sign_serialize,block4096,4096,0,1,606375,582000,7127040,true,signed_serialized_admission_valid,1,2592,4896,4627,0,0,30087,"includes raw BLAKE3 transaction hash, PQCManager signing, embedded public key, JSON, and admission verification"
local-1786749435353649000,macmini-m2-diagnostic,9d3ab807a08ef4cf1077dbc23213e2314ce37c87,MEASURED,protocol,public_rpc_transaction,ML-DSA-87,validate_for_admission,block4096,4096,0,1,310333,278000,7159808,true,accepted,1,2592,0,4627,0,0,30187,
local-1786749435353649000,macmini-m2-diagnostic,9d3ab807a08ef4cf1077dbc23213e2314ce37c87,MEASURED,protocol,public_rpc_transaction,ML-DSA-87,build_hash_sign_serialize,large16384,16384,0,1,918500,880000,7274496,true,signed_serialized_admission_valid,1,2592,4896,4627,0,0,42435,"includes raw BLAKE3 transaction hash, PQCManager signing, embedded public key, JSON, and admission verification"
local-1786749435353649000,macmini-m2-diagnostic,9d3ab807a08ef4cf1077dbc23213e2314ce37c87,MEASURED,protocol,public_rpc_transaction,ML-DSA-87,validate_for_admission,large16384,16384,0,1,315000,303000,7307264,true,accepted,1,2592,0,4627,0,0,42465,
local-1786749435353649000,macmini-m2-diagnostic,9d3ab807a08ef4cf1077dbc23213e2314ce37c87,MEASURED,protocol,aegis_typed_transaction,ML-DSA-65,build_sign_verify_admit_carrier,digest32,32,0,1,3505708,3213000,8503296,true,signed_verified_admitted_carrier_built,1,1952,0,3309,0,0,64914,envelope_json_bytes=19660; carrier_json_bytes=45254
local-1786749435353649000,macmini-m2-diagnostic,9d3ab807a08ef4cf1077dbc23213e2314ce37c87,MEASURED,protocol,aegis_typed_transaction,ML-DSA-65,verify_submission_envelope,digest32,32,0,1,217958,221000,8585216,true,accepted,1,1952,0,3309,0,0,19756,constructs a fresh Aegis verifier for the envelope public key and lifecycle witness
local-1786749435353649000,macmini-m2-diagnostic,9d3ab807a08ef4cf1077dbc23213e2314ce37c87,MEASURED,protocol,aegis_legacy_carrier,ML-DSA-65,validate_carrier,digest32,32,0,1,302542,305000,8634368,true,accepted,1,1952,0,3309,0,0,45478,
local-1786749435353649000,macmini-m2-diagnostic,9d3ab807a08ef4cf1077dbc23213e2314ce37c87,MEASURED,protocol,aegis_typed_transaction,ML-DSA-65,build_sign_verify_admit_carrier,small64,64,0,1,1496375,1409000,8667136,true,signed_verified_admitted_carrier_built,1,1952,0,3309,0,0,65345,envelope_json_bytes=19818; carrier_json_bytes=45527
local-1786749435353649000,macmini-m2-diagnostic,9d3ab807a08ef4cf1077dbc23213e2314ce37c87,MEASURED,protocol,aegis_typed_transaction,ML-DSA-65,verify_submission_envelope,small64,64,0,1,195250,199000,8716288,true,accepted,1,1952,0,3309,0,0,19786,constructs a fresh Aegis verifier for the envelope public key and lifecycle witness
local-1786749435353649000,macmini-m2-diagnostic,9d3ab807a08ef4cf1077dbc23213e2314ce37c87,MEASURED,protocol,aegis_legacy_carrier,ML-DSA-65,validate_carrier,small64,64,0,1,273042,276000,8749056,true,accepted,1,1952,0,3309,0,0,45455,
local-1786749435353649000,macmini-m2-diagnostic,9d3ab807a08ef4cf1077dbc23213e2314ce37c87,MEASURED,protocol,aegis_typed_transaction,ML-DSA-65,build_sign_verify_admit_carrier,small128,128,0,1,1560208,1479000,8781824,true,signed_verified_admitted_carrier_built,1,1952,0,3309,0,0,65558,envelope_json_bytes=19939; carrier_json_bytes=45619
local-1786749435353649000,macmini-m2-diagnostic,9d3ab807a08ef4cf1077dbc23213e2314ce37c87,MEASURED,protocol,aegis_typed_transaction,ML-DSA-65,verify_submission_envelope,small128,128,0,1,208334,211000,8798208,true,accepted,1,1952,0,3309,0,0,19940,constructs a fresh Aegis verifier for the envelope public key and lifecycle witness
local-1786749435353649000,macmini-m2-diagnostic,9d3ab807a08ef4cf1077dbc23213e2314ce37c87,MEASURED,protocol,aegis_legacy_carrier,ML-DSA-65,validate_carrier,small128,128,0,1,337583,323000,8814592,true,accepted,1,1952,0,3309,0,0,45620,
local-1786749435353649000,macmini-m2-diagnostic,9d3ab807a08ef4cf1077dbc23213e2314ce37c87,MEASURED,protocol,aegis_typed_transaction,ML-DSA-65,build_sign_verify_admit_carrier,vote192,192,0,1,1486542,1405000,8830976,true,signed_verified_admitted_carrier_built,1,1952,0,3309,0,0,66318,envelope_json_bytes=20243; carrier_json_bytes=46075
local-1786749435353649000,macmini-m2-diagnostic,9d3ab807a08ef4cf1077dbc23213e2314ce37c87,MEASURED,protocol,aegis_typed_transaction,ML-DSA-65,verify_submission_envelope,vote192,192,0,1,198875,200000,8863744,true,accepted,1,1952,0,3309,0,0,20290,constructs a fresh Aegis verifier for the envelope public key and lifecycle witness
local-1786749435353649000,macmini-m2-diagnostic,9d3ab807a08ef4cf1077dbc23213e2314ce37c87,MEASURED,protocol,aegis_legacy_carrier,ML-DSA-65,validate_carrier,vote192,192,0,1,303375,324000,8863744,true,accepted,1,1952,0,3309,0,0,46186,
local-1786749435353649000,macmini-m2-diagnostic,9d3ab807a08ef4cf1077dbc23213e2314ce37c87,MEASURED,protocol,aegis_typed_transaction,ML-DSA-65,build_sign_verify_admit_carrier,medium256,256,0,1,1609584,1524000,8896512,true,signed_verified_admitted_carrier_built,1,1952,0,3309,0,0,66642,envelope_json_bytes=20418; carrier_json_bytes=46224
local-1786749435353649000,macmini-m2-diagnostic,9d3ab807a08ef4cf1077dbc23213e2314ce37c87,MEASURED,protocol,aegis_typed_transaction,ML-DSA-65,verify_submission_envelope,medium256,256,0,1,199834,202000,8945664,true,accepted,1,1952,0,3309,0,0,20447,constructs a fresh Aegis verifier for the envelope public key and lifecycle witness
local-1786749435353649000,macmini-m2-diagnostic,9d3ab807a08ef4cf1077dbc23213e2314ce37c87,MEASURED,protocol,aegis_legacy_carrier,ML-DSA-65,validate_carrier,medium256,256,0,1,300125,303000,8962048,true,accepted,1,1952,0,3309,0,0,46293,
local-1786749435353649000,macmini-m2-diagnostic,9d3ab807a08ef4cf1077dbc23213e2314ce37c87,MEASURED,protocol,aegis_typed_transaction,ML-DSA-65,build_sign_verify_admit_carrier,transaction512,512,0,1,1034584,1038000,9011200,true,signed_verified_admitted_carrier_built,1,1952,0,3309,0,0,68940,envelope_json_bytes=21381; carrier_json_bytes=47559
local-1786749435353649000,macmini-m2-diagnostic,9d3ab807a08ef4cf1077dbc23213e2314ce37c87,MEASURED,protocol,aegis_typed_transaction,ML-DSA-65,verify_submission_envelope,transaction512,512,0,1,220042,224000,9027584,true,accepted,1,1952,0,3309,0,0,21343,constructs a fresh Aegis verifier for the envelope public key and lifecycle witness
local-1786749435353649000,macmini-m2-diagnostic,9d3ab807a08ef4cf1077dbc23213e2314ce37c87,MEASURED,protocol,aegis_legacy_carrier,ML-DSA-65,validate_carrier,transaction512,512,0,1,316125,320000,9060352,true,accepted,1,1952,0,3309,0,0,47473,
local-1786749435353649000,macmini-m2-diagnostic,9d3ab807a08ef4cf1077dbc23213e2314ce37c87,MEASURED,protocol,aegis_typed_transaction,ML-DSA-65,build_sign_verify_admit_carrier,kilobyte1024,1024,0,1,1396208,1308000,9207808,true,signed_verified_admitted_carrier_built,1,1952,0,3309,0,0,73481,envelope_json_bytes=23292; carrier_json_bytes=50189
local-1786749435353649000,macmini-m2-diagnostic,9d3ab807a08ef4cf1077dbc23213e2314ce37c87,MEASURED,protocol,aegis_typed_transaction,ML-DSA-65,verify_submission_envelope,kilobyte1024,1024,0,1,276250,274000,9207808,true,accepted,1,1952,0,3309,0,0,23253,constructs a fresh Aegis verifier for the envelope public key and lifecycle witness
local-1786749435353649000,macmini-m2-diagnostic,9d3ab807a08ef4cf1077dbc23213e2314ce37c87,MEASURED,protocol,aegis_legacy_carrier,ML-DSA-65,validate_carrier,kilobyte1024,1024,0,1,305250,308000,9207808,true,accepted,1,1952,0,3309,0,0,50098,
local-1786749435353649000,macmini-m2-diagnostic,9d3ab807a08ef4cf1077dbc23213e2314ce37c87,MEASURED,protocol,aegis_typed_transaction,ML-DSA-65,build_sign_verify_admit_carrier,block4096,4096,0,1,1903834,1854000,9502720,true,signed_verified_admitted_carrier_built,1,1952,0,3309,0,0,98920,envelope_json_bytes=34214; carrier_json_bytes=64706
local-1786749435353649000,macmini-m2-diagnostic,9d3ab807a08ef4cf1077dbc23213e2314ce37c87,MEASURED,protocol,aegis_typed_transaction,ML-DSA-65,verify_submission_envelope,block4096,4096,0,1,365416,339000,9502720,true,accepted,1,1952,0,3309,0,0,34166,constructs a fresh Aegis verifier for the envelope public key and lifecycle witness
local-1786749435353649000,macmini-m2-diagnostic,9d3ab807a08ef4cf1077dbc23213e2314ce37c87,MEASURED,protocol,aegis_legacy_carrier,ML-DSA-65,validate_carrier,block4096,4096,0,1,600666,554000,9535488,true,accepted,1,1952,0,3309,0,0,64594,
local-1786749435353649000,macmini-m2-diagnostic,9d3ab807a08ef4cf1077dbc23213e2314ce37c87,MEASURED,protocol,aegis_typed_transaction,ML-DSA-65,build_sign_verify_admit_carrier,large16384,16384,0,1,3973917,3842000,9928704,true,signed_verified_admitted_carrier_built,1,1952,0,3309,0,0,201387,envelope_json_bytes=78115; carrier_json_bytes=123272
local-1786749435353649000,macmini-m2-diagnostic,9d3ab807a08ef4cf1077dbc23213e2314ce37c87,MEASURED,protocol,aegis_typed_transaction,ML-DSA-65,verify_submission_envelope,large16384,16384,0,1,631875,633000,10010624,true,accepted,1,1952,0,3309,0,0,78124,constructs a fresh Aegis verifier for the envelope public key and lifecycle witness
local-1786749435353649000,macmini-m2-diagnostic,9d3ab807a08ef4cf1077dbc23213e2314ce37c87,MEASURED,protocol,aegis_legacy_carrier,ML-DSA-65,validate_carrier,large16384,16384,0,1,851500,855000,10010624,true,accepted,1,1952,0,3309,0,0,123293,
local-1786749435353649000,macmini-m2-diagnostic,9d3ab807a08ef4cf1077dbc23213e2314ce37c87,MEASURED,protocol,p2p_peer_hello,ML-DSA-65,serialize_sign_handshake,validator,1210,0,1,252500,252000,49086464,true,signed,1,0,0,3309,0,0,4519,
local-1786749435353649000,macmini-m2-diagnostic,9d3ab807a08ef4cf1077dbc23213e2314ce37c87,MEASURED,protocol,p2p_peer_hello,ML-DSA-65,verify_handshake,validator,1210,0,1,164333,169000,49086464,true,accepted,1,0,0,3309,0,0,4519,includes PeerHello JSON serialization inside verifier and Aegis policy/domain verification
local-1786749435353649000,macmini-m2-diagnostic,9d3ab807a08ef4cf1077dbc23213e2314ce37c87,MEASURED,protocol,p2p_peer_hello,FN-DSA-1024,serialize_sign_handshake,support,1202,0,1,6782750,6727000,49184768,true,signed,1,0,0,1275,0,0,2477,
local-1786749435353649000,macmini-m2-diagnostic,9d3ab807a08ef4cf1077dbc23213e2314ce37c87,MEASURED,protocol,p2p_peer_hello,FN-DSA-1024,verify_handshake,support,1202,0,1,114625,121000,49184768,true,accepted,1,0,0,1275,0,0,2477,includes PeerHello JSON serialization inside verifier and Aegis policy/domain verification
local-1786749435353649000,macmini-m2-diagnostic,9d3ab807a08ef4cf1077dbc23213e2314ce37c87,MEASURED,protocol,coordinated_round_robin_v1,ML-DSA-65,assignment_hash_sign_serialize,producer_assignment,0,0,1,193709,195000,49332224,true,signed_shape_valid,1,0,0,3309,0,0,12414,
local-1786749435353649000,macmini-m2-diagnostic,9d3ab807a08ef4cf1077dbc23213e2314ce37c87,MEASURED,protocol,coordinated_round_robin_v1,ML-DSA-65,verify_assignment_crypto,producer_assignment,0,0,1,230750,197000,49332224,true,accepted,1,0,0,3309,0,0,12414,measures assignment shape plus exact Aegis crypto; full finalized-validator-set package verification is a separate operation
local-1786749435353649000,macmini-m2-diagnostic,9d3ab807a08ef4cf1077dbc23213e2314ce37c87,MEASURED,protocol,coordinated_round_robin_v1,ML-DSA-65,commit_hash_sign_serialize,coordinator_commit,0,0,1,310083,311000,49348608,true,signed_shape_valid,1,0,0,3309,0,0,13155,
local-1786749435353649000,macmini-m2-diagnostic,9d3ab807a08ef4cf1077dbc23213e2314ce37c87,MEASURED,protocol,coordinated_round_robin_v1,ML-DSA-65,verify_commit_crypto,coordinator_commit,0,0,1,158250,162000,49348608,true,accepted,1,0,0,3309,0,0,13155,
local-1786749435353649000,macmini-m2-diagnostic,9d3ab807a08ef4cf1077dbc23213e2314ce37c87,MEASURED,protocol,coordinated_round_robin_v1_full_package,ML-DSA-65,build_sign_serialize_committed_package,empty_block_three_authentications,0,0,1,1963042,1964000,49348608,true,three_signatures_built_and_serialized,3,0,0,9927,0,0,53529,"one Val1 assignment signature, one producer block signature, and one Val1 commit signature; no QC exists in coordinated_round_robin_v1"
local-1786749435353649000,macmini-m2-diagnostic,9d3ab807a08ef4cf1077dbc23213e2314ce37c87,MEASURED,protocol,coordinated_round_robin_v1_full_package,ML-DSA-65,verify_committed_block_package,empty_block_three_authentications,0,0,1,676542,683000,49348608,true,accepted,3,0,0,9927,0,0,53529,"exact finalized-set verifier performs assignment, producer-block, and coordinator-commit authentication plus structural bindings"
