run_id,environment_id,source_commit,classification,suite,layer,algorithm,operation,payload_profile,message_bytes,iteration,warmup_iterations,wall_ns,cpu_ns,max_rss_bytes,valid,result,public_key_bytes,private_key_bytes,signature_bytes,ciphertext_bytes,shared_secret_bytes,notes
local-1786748164582988000,macmini-m2-20260814,9d3ab807a08ef4cf1077dbc23213e2314ce37c87,MEASURED,primitive,runtime_pqc_manager,ML-DSA-65,keygen,none,0,0,1,114125,117000,6340608,true,keypair_generated,1952,4032,0,0,0,
local-1786748164582988000,macmini-m2-20260814,9d3ab807a08ef4cf1077dbc23213e2314ce37c87,MEASURED,primitive,runtime_pqc_manager,ML-DSA-65,sign,digest32,32,0,1,227458,229000,6504448,true,signature_generated,1952,4032,3309,0,0,"PQCManager includes key parsing, timestamping, allocation, and signature-registry insertion"
local-1786748164582988000,macmini-m2-20260814,9d3ab807a08ef4cf1077dbc23213e2314ce37c87,MEASURED,primitive,runtime_pqc_manager,ML-DSA-65,verify_valid,digest32,32,0,1,91791,92000,6504448,true,accepted,1952,4032,3309,0,0,
local-1786748164582988000,macmini-m2-20260814,9d3ab807a08ef4cf1077dbc23213e2314ce37c87,MEASURED,negative,runtime_pqc_manager,ML-DSA-65,verify_tampered_signature,digest32,32,0,0,91583,92000,6504448,true,rejected,1952,0,3309,0,0,
local-1786748164582988000,macmini-m2-20260814,9d3ab807a08ef4cf1077dbc23213e2314ce37c87,MEASURED,primitive,runtime_pqc_manager,ML-DSA-65,sign,small64,64,0,1,335083,337000,6504448,true,signature_generated,1952,4032,3309,0,0,"PQCManager includes key parsing, timestamping, allocation, and signature-registry insertion"
local-1786748164582988000,macmini-m2-20260814,9d3ab807a08ef4cf1077dbc23213e2314ce37c87,MEASURED,primitive,runtime_pqc_manager,ML-DSA-65,verify_valid,small64,64,0,1,218917,223000,6504448,true,accepted,1952,4032,3309,0,0,
local-1786748164582988000,macmini-m2-20260814,9d3ab807a08ef4cf1077dbc23213e2314ce37c87,MEASURED,negative,runtime_pqc_manager,ML-DSA-65,verify_tampered_signature,small64,64,0,0,216958,218000,6504448,true,rejected,1952,0,3309,0,0,
local-1786748164582988000,macmini-m2-20260814,9d3ab807a08ef4cf1077dbc23213e2314ce37c87,MEASURED,primitive,runtime_pqc_manager,ML-DSA-65,sign,vote192,192,0,1,692791,694000,6537216,true,signature_generated,1952,4032,3309,0,0,"PQCManager includes key parsing, timestamping, allocation, and signature-registry insertion"
local-1786748164582988000,macmini-m2-20260814,9d3ab807a08ef4cf1077dbc23213e2314ce37c87,MEASURED,primitive,runtime_pqc_manager,ML-DSA-65,verify_valid,vote192,192,0,1,183500,185000,6553600,true,accepted,1952,4032,3309,0,0,
local-1786748164582988000,macmini-m2-20260814,9d3ab807a08ef4cf1077dbc23213e2314ce37c87,MEASURED,negative,runtime_pqc_manager,ML-DSA-65,verify_tampered_signature,vote192,192,0,0,162000,162000,6553600,true,rejected,1952,0,3309,0,0,
local-1786748164582988000,macmini-m2-20260814,9d3ab807a08ef4cf1077dbc23213e2314ce37c87,MEASURED,primitive,runtime_pqc_manager,ML-DSA-65,sign,medium256,256,0,1,378125,379000,6569984,true,signature_generated,1952,4032,3309,0,0,"PQCManager includes key parsing, timestamping, allocation, and signature-registry insertion"
local-1786748164582988000,macmini-m2-20260814,9d3ab807a08ef4cf1077dbc23213e2314ce37c87,MEASURED,primitive,runtime_pqc_manager,ML-DSA-65,verify_valid,medium256,256,0,1,185750,187000,6569984,true,accepted,1952,4032,3309,0,0,
local-1786748164582988000,macmini-m2-20260814,9d3ab807a08ef4cf1077dbc23213e2314ce37c87,MEASURED,negative,runtime_pqc_manager,ML-DSA-65,verify_tampered_signature,medium256,256,0,0,184375,186000,6569984,true,rejected,1952,0,3309,0,0,
local-1786748164582988000,macmini-m2-20260814,9d3ab807a08ef4cf1077dbc23213e2314ce37c87,MEASURED,primitive,runtime_pqc_manager,ML-DSA-65,sign,transaction512,512,0,1,500750,501000,6586368,true,signature_generated,1952,4032,3309,0,0,"PQCManager includes key parsing, timestamping, allocation, and signature-registry insertion"
local-1786748164582988000,macmini-m2-20260814,9d3ab807a08ef4cf1077dbc23213e2314ce37c87,MEASURED,primitive,runtime_pqc_manager,ML-DSA-65,verify_valid,transaction512,512,0,1,186541,188000,6602752,true,accepted,1952,4032,3309,0,0,
local-1786748164582988000,macmini-m2-20260814,9d3ab807a08ef4cf1077dbc23213e2314ce37c87,MEASURED,negative,runtime_pqc_manager,ML-DSA-65,verify_tampered_signature,transaction512,512,0,0,153375,155000,6602752,true,rejected,1952,0,3309,0,0,
local-1786748164582988000,macmini-m2-20260814,9d3ab807a08ef4cf1077dbc23213e2314ce37c87,MEASURED,primitive,runtime_pqc_manager,ML-DSA-65,sign,block4096,4096,0,1,1636417,1597000,6619136,true,signature_generated,1952,4032,3309,0,0,"PQCManager includes key parsing, timestamping, allocation, and signature-registry insertion"
local-1786748164582988000,macmini-m2-20260814,9d3ab807a08ef4cf1077dbc23213e2314ce37c87,MEASURED,primitive,runtime_pqc_manager,ML-DSA-65,verify_valid,block4096,4096,0,1,117125,119000,6619136,true,accepted,1952,4032,3309,0,0,
local-1786748164582988000,macmini-m2-20260814,9d3ab807a08ef4cf1077dbc23213e2314ce37c87,MEASURED,negative,runtime_pqc_manager,ML-DSA-65,verify_tampered_signature,block4096,4096,0,0,129542,129000,6619136,true,rejected,1952,0,3309,0,0,
local-1786748164582988000,macmini-m2-20260814,9d3ab807a08ef4cf1077dbc23213e2314ce37c87,MEASURED,primitive,runtime_pqc_manager,ML-DSA-65,sign,large16384,16384,0,1,454125,455000,6717440,true,signature_generated,1952,4032,3309,0,0,"PQCManager includes key parsing, timestamping, allocation, and signature-registry insertion"
local-1786748164582988000,macmini-m2-20260814,9d3ab807a08ef4cf1077dbc23213e2314ce37c87,MEASURED,primitive,runtime_pqc_manager,ML-DSA-65,verify_valid,large16384,16384,0,1,225917,227000,6733824,true,accepted,1952,4032,3309,0,0,
local-1786748164582988000,macmini-m2-20260814,9d3ab807a08ef4cf1077dbc23213e2314ce37c87,MEASURED,negative,runtime_pqc_manager,ML-DSA-65,verify_tampered_signature,large16384,16384,0,0,226834,228000,6750208,true,rejected,1952,0,3309,0,0,
local-1786748164582988000,macmini-m2-20260814,9d3ab807a08ef4cf1077dbc23213e2314ce37c87,MEASURED,primitive,runtime_pqc_manager,ML-DSA-87,keygen,none,0,0,1,241750,242000,6864896,true,keypair_generated,2592,4896,0,0,0,
local-1786748164582988000,macmini-m2-20260814,9d3ab807a08ef4cf1077dbc23213e2314ce37c87,MEASURED,primitive,runtime_pqc_manager,ML-DSA-87,sign,digest32,32,0,1,457459,459000,6963200,true,signature_generated,2592,4896,4627,0,0,"PQCManager includes key parsing, timestamping, allocation, and signature-registry insertion"
local-1786748164582988000,macmini-m2-20260814,9d3ab807a08ef4cf1077dbc23213e2314ce37c87,MEASURED,primitive,runtime_pqc_manager,ML-DSA-87,verify_valid,digest32,32,0,1,236083,241000,6963200,true,accepted,2592,4896,4627,0,0,
local-1786748164582988000,macmini-m2-20260814,9d3ab807a08ef4cf1077dbc23213e2314ce37c87,MEASURED,negative,runtime_pqc_manager,ML-DSA-87,verify_tampered_signature,digest32,32,0,0,219042,219000,6963200,true,rejected,2592,0,4627,0,0,
local-1786748164582988000,macmini-m2-20260814,9d3ab807a08ef4cf1077dbc23213e2314ce37c87,MEASURED,primitive,runtime_pqc_manager,ML-DSA-87,sign,small64,64,0,1,404208,405000,6963200,true,signature_generated,2592,4896,4627,0,0,"PQCManager includes key parsing, timestamping, allocation, and signature-registry insertion"
local-1786748164582988000,macmini-m2-20260814,9d3ab807a08ef4cf1077dbc23213e2314ce37c87,MEASURED,primitive,runtime_pqc_manager,ML-DSA-87,verify_valid,small64,64,0,1,225958,226000,6963200,true,accepted,2592,4896,4627,0,0,
local-1786748164582988000,macmini-m2-20260814,9d3ab807a08ef4cf1077dbc23213e2314ce37c87,MEASURED,negative,runtime_pqc_manager,ML-DSA-87,verify_tampered_signature,small64,64,0,0,220417,221000,6979584,true,rejected,2592,0,4627,0,0,
local-1786748164582988000,macmini-m2-20260814,9d3ab807a08ef4cf1077dbc23213e2314ce37c87,MEASURED,primitive,runtime_pqc_manager,ML-DSA-87,sign,vote192,192,0,1,538500,540000,6979584,true,signature_generated,2592,4896,4627,0,0,"PQCManager includes key parsing, timestamping, allocation, and signature-registry insertion"
local-1786748164582988000,macmini-m2-20260814,9d3ab807a08ef4cf1077dbc23213e2314ce37c87,MEASURED,primitive,runtime_pqc_manager,ML-DSA-87,verify_valid,vote192,192,0,1,221708,223000,6979584,true,accepted,2592,4896,4627,0,0,
local-1786748164582988000,macmini-m2-20260814,9d3ab807a08ef4cf1077dbc23213e2314ce37c87,MEASURED,negative,runtime_pqc_manager,ML-DSA-87,verify_tampered_signature,vote192,192,0,0,209791,211000,6979584,true,rejected,2592,0,4627,0,0,
local-1786748164582988000,macmini-m2-20260814,9d3ab807a08ef4cf1077dbc23213e2314ce37c87,MEASURED,primitive,runtime_pqc_manager,ML-DSA-87,sign,medium256,256,0,1,289208,292000,6979584,true,signature_generated,2592,4896,4627,0,0,"PQCManager includes key parsing, timestamping, allocation, and signature-registry insertion"
local-1786748164582988000,macmini-m2-20260814,9d3ab807a08ef4cf1077dbc23213e2314ce37c87,MEASURED,primitive,runtime_pqc_manager,ML-DSA-87,verify_valid,medium256,256,0,1,205958,206000,6979584,true,accepted,2592,4896,4627,0,0,
local-1786748164582988000,macmini-m2-20260814,9d3ab807a08ef4cf1077dbc23213e2314ce37c87,MEASURED,negative,runtime_pqc_manager,ML-DSA-87,verify_tampered_signature,medium256,256,0,0,207167,208000,6979584,true,rejected,2592,0,4627,0,0,
local-1786748164582988000,macmini-m2-20260814,9d3ab807a08ef4cf1077dbc23213e2314ce37c87,MEASURED,primitive,runtime_pqc_manager,ML-DSA-87,sign,transaction512,512,0,1,288542,289000,6979584,true,signature_generated,2592,4896,4627,0,0,"PQCManager includes key parsing, timestamping, allocation, and signature-registry insertion"
local-1786748164582988000,macmini-m2-20260814,9d3ab807a08ef4cf1077dbc23213e2314ce37c87,MEASURED,primitive,runtime_pqc_manager,ML-DSA-87,verify_valid,transaction512,512,0,1,206833,207000,6995968,true,accepted,2592,4896,4627,0,0,
local-1786748164582988000,macmini-m2-20260814,9d3ab807a08ef4cf1077dbc23213e2314ce37c87,MEASURED,negative,runtime_pqc_manager,ML-DSA-87,verify_tampered_signature,transaction512,512,0,0,203333,203000,6995968,true,rejected,2592,0,4627,0,0,
local-1786748164582988000,macmini-m2-20260814,9d3ab807a08ef4cf1077dbc23213e2314ce37c87,MEASURED,primitive,runtime_pqc_manager,ML-DSA-87,sign,block4096,4096,0,1,780125,761000,7012352,true,signature_generated,2592,4896,4627,0,0,"PQCManager includes key parsing, timestamping, allocation, and signature-registry insertion"
local-1786748164582988000,macmini-m2-20260814,9d3ab807a08ef4cf1077dbc23213e2314ce37c87,MEASURED,primitive,runtime_pqc_manager,ML-DSA-87,verify_valid,block4096,4096,0,1,212625,213000,7028736,true,accepted,2592,4896,4627,0,0,
local-1786748164582988000,macmini-m2-20260814,9d3ab807a08ef4cf1077dbc23213e2314ce37c87,MEASURED,negative,runtime_pqc_manager,ML-DSA-87,verify_tampered_signature,block4096,4096,0,0,213084,213000,7028736,true,rejected,2592,0,4627,0,0,
local-1786748164582988000,macmini-m2-20260814,9d3ab807a08ef4cf1077dbc23213e2314ce37c87,MEASURED,primitive,runtime_pqc_manager,ML-DSA-87,sign,large16384,16384,0,1,340125,340000,7028736,true,signature_generated,2592,4896,4627,0,0,"PQCManager includes key parsing, timestamping, allocation, and signature-registry insertion"
local-1786748164582988000,macmini-m2-20260814,9d3ab807a08ef4cf1077dbc23213e2314ce37c87,MEASURED,primitive,runtime_pqc_manager,ML-DSA-87,verify_valid,large16384,16384,0,1,259458,260000,7028736,true,accepted,2592,4896,4627,0,0,
local-1786748164582988000,macmini-m2-20260814,9d3ab807a08ef4cf1077dbc23213e2314ce37c87,MEASURED,negative,runtime_pqc_manager,ML-DSA-87,verify_tampered_signature,large16384,16384,0,0,260208,260000,7028736,true,rejected,2592,0,4627,0,0,
local-1786748164582988000,macmini-m2-20260814,9d3ab807a08ef4cf1077dbc23213e2314ce37c87,MEASURED,primitive,runtime_pqc_manager,FN-DSA-1024,keygen,none,0,0,1,21094250,20798000,7192576,true,keypair_generated,1793,2305,0,0,0,
local-1786748164582988000,macmini-m2-20260814,9d3ab807a08ef4cf1077dbc23213e2314ce37c87,MEASURED,primitive,runtime_pqc_manager,FN-DSA-1024,sign,digest32,32,0,1,6819917,6664000,7225344,true,signature_generated,1793,2305,1267,0,0,"PQCManager includes key parsing, timestamping, allocation, and signature-registry insertion"
local-1786748164582988000,macmini-m2-20260814,9d3ab807a08ef4cf1077dbc23213e2314ce37c87,MEASURED,primitive,runtime_pqc_manager,FN-DSA-1024,verify_valid,digest32,32,0,1,129958,109000,7258112,true,accepted,1793,2305,1272,0,0,
local-1786748164582988000,macmini-m2-20260814,9d3ab807a08ef4cf1077dbc23213e2314ce37c87,MEASURED,negative,runtime_pqc_manager,FN-DSA-1024,verify_tampered_signature,digest32,32,0,0,68625,68000,7258112,true,rejected,1793,0,1272,0,0,
local-1786748164582988000,macmini-m2-20260814,9d3ab807a08ef4cf1077dbc23213e2314ce37c87,MEASURED,primitive,runtime_pqc_manager,FN-DSA-1024,sign,small64,64,0,1,6814375,6688000,7290880,true,signature_generated,1793,2305,1274,0,0,"PQCManager includes key parsing, timestamping, allocation, and signature-registry insertion"
local-1786748164582988000,macmini-m2-20260814,9d3ab807a08ef4cf1077dbc23213e2314ce37c87,MEASURED,primitive,runtime_pqc_manager,FN-DSA-1024,verify_valid,small64,64,0,1,61209,62000,7307264,true,accepted,1793,2305,1273,0,0,
local-1786748164582988000,macmini-m2-20260814,9d3ab807a08ef4cf1077dbc23213e2314ce37c87,MEASURED,negative,runtime_pqc_manager,FN-DSA-1024,verify_tampered_signature,small64,64,0,0,57042,57000,7307264,true,rejected,1793,0,1273,0,0,
local-1786748164582988000,macmini-m2-20260814,9d3ab807a08ef4cf1077dbc23213e2314ce37c87,MEASURED,primitive,runtime_pqc_manager,FN-DSA-1024,sign,vote192,192,0,1,6710417,6637000,7307264,true,signature_generated,1793,2305,1272,0,0,"PQCManager includes key parsing, timestamping, allocation, and signature-registry insertion"
local-1786748164582988000,macmini-m2-20260814,9d3ab807a08ef4cf1077dbc23213e2314ce37c87,MEASURED,primitive,runtime_pqc_manager,FN-DSA-1024,verify_valid,vote192,192,0,1,68875,72000,7307264,true,accepted,1793,2305,1269,0,0,
local-1786748164582988000,macmini-m2-20260814,9d3ab807a08ef4cf1077dbc23213e2314ce37c87,MEASURED,negative,runtime_pqc_manager,FN-DSA-1024,verify_tampered_signature,vote192,192,0,0,64708,65000,7307264,true,rejected,1793,0,1269,0,0,
local-1786748164582988000,macmini-m2-20260814,9d3ab807a08ef4cf1077dbc23213e2314ce37c87,MEASURED,primitive,runtime_pqc_manager,FN-DSA-1024,sign,medium256,256,0,1,6198875,6189000,7323648,true,signature_generated,1793,2305,1274,0,0,"PQCManager includes key parsing, timestamping, allocation, and signature-registry insertion"
local-1786748164582988000,macmini-m2-20260814,9d3ab807a08ef4cf1077dbc23213e2314ce37c87,MEASURED,primitive,runtime_pqc_manager,FN-DSA-1024,verify_valid,medium256,256,0,1,59958,64000,7323648,true,accepted,1793,2305,1267,0,0,
local-1786748164582988000,macmini-m2-20260814,9d3ab807a08ef4cf1077dbc23213e2314ce37c87,MEASURED,negative,runtime_pqc_manager,FN-DSA-1024,verify_tampered_signature,medium256,256,0,0,56291,57000,7323648,true,rejected,1793,0,1267,0,0,
local-1786748164582988000,macmini-m2-20260814,9d3ab807a08ef4cf1077dbc23213e2314ce37c87,MEASURED,primitive,runtime_pqc_manager,FN-DSA-1024,sign,transaction512,512,0,1,6385458,6382000,7323648,true,signature_generated,1793,2305,1274,0,0,"PQCManager includes key parsing, timestamping, allocation, and signature-registry insertion"
local-1786748164582988000,macmini-m2-20260814,9d3ab807a08ef4cf1077dbc23213e2314ce37c87,MEASURED,primitive,runtime_pqc_manager,FN-DSA-1024,verify_valid,transaction512,512,0,1,60000,62000,7323648,true,accepted,1793,2305,1267,0,0,
local-1786748164582988000,macmini-m2-20260814,9d3ab807a08ef4cf1077dbc23213e2314ce37c87,MEASURED,negative,runtime_pqc_manager,FN-DSA-1024,verify_tampered_signature,transaction512,512,0,0,57333,57000,7323648,true,rejected,1793,0,1267,0,0,
local-1786748164582988000,macmini-m2-20260814,9d3ab807a08ef4cf1077dbc23213e2314ce37c87,MEASURED,primitive,runtime_pqc_manager,FN-DSA-1024,sign,block4096,4096,0,1,6372209,6340000,7323648,true,signature_generated,1793,2305,1270,0,0,"PQCManager includes key parsing, timestamping, allocation, and signature-registry insertion"
local-1786748164582988000,macmini-m2-20260814,9d3ab807a08ef4cf1077dbc23213e2314ce37c87,MEASURED,primitive,runtime_pqc_manager,FN-DSA-1024,verify_valid,block4096,4096,0,1,73166,75000,7340032,true,accepted,1793,2305,1266,0,0,
local-1786748164582988000,macmini-m2-20260814,9d3ab807a08ef4cf1077dbc23213e2314ce37c87,MEASURED,negative,runtime_pqc_manager,FN-DSA-1024,verify_tampered_signature,block4096,4096,0,0,70250,71000,7340032,true,rejected,1793,0,1266,0,0,
local-1786748164582988000,macmini-m2-20260814,9d3ab807a08ef4cf1077dbc23213e2314ce37c87,MEASURED,primitive,runtime_pqc_manager,FN-DSA-1024,sign,large16384,16384,0,1,6264167,6264000,7340032,true,signature_generated,1793,2305,1269,0,0,"PQCManager includes key parsing, timestamping, allocation, and signature-registry insertion"
local-1786748164582988000,macmini-m2-20260814,9d3ab807a08ef4cf1077dbc23213e2314ce37c87,MEASURED,primitive,runtime_pqc_manager,FN-DSA-1024,verify_valid,large16384,16384,0,1,113958,115000,7340032,true,accepted,1793,2305,1269,0,0,
local-1786748164582988000,macmini-m2-20260814,9d3ab807a08ef4cf1077dbc23213e2314ce37c87,MEASURED,negative,runtime_pqc_manager,FN-DSA-1024,verify_tampered_signature,large16384,16384,0,0,109750,110000,7340032,true,rejected,1793,0,1269,0,0,
local-1786748164582988000,macmini-m2-20260814,9d3ab807a08ef4cf1077dbc23213e2314ce37c87,MEASURED,primitive,runtime_pqc_manager,SLH-DSA-SHAKE-128f-simple,keygen,none,0,0,1,1026667,1027000,7356416,true,keypair_generated,32,64,0,0,0,
local-1786748164582988000,macmini-m2-20260814,9d3ab807a08ef4cf1077dbc23213e2314ce37c87,MEASURED,primitive,runtime_pqc_manager,SLH-DSA-SHAKE-128f-simple,sign,digest32,32,0,1,24633167,24500000,7454720,true,signature_generated,32,64,17088,0,0,"PQCManager includes key parsing, timestamping, allocation, and signature-registry insertion"
local-1786748164582988000,macmini-m2-20260814,9d3ab807a08ef4cf1077dbc23213e2314ce37c87,MEASURED,primitive,runtime_pqc_manager,SLH-DSA-SHAKE-128f-simple,verify_valid,digest32,32,0,1,1472917,1475000,7454720,true,accepted,32,64,17088,0,0,
local-1786748164582988000,macmini-m2-20260814,9d3ab807a08ef4cf1077dbc23213e2314ce37c87,MEASURED,negative,runtime_pqc_manager,SLH-DSA-SHAKE-128f-simple,verify_tampered_signature,digest32,32,0,0,1678334,1606000,7471104,true,rejected,32,0,17088,0,0,
local-1786748164582988000,macmini-m2-20260814,9d3ab807a08ef4cf1077dbc23213e2314ce37c87,MEASURED,primitive,runtime_pqc_manager,SLH-DSA-SHAKE-128f-simple,sign,small64,64,0,1,24760625,24551000,7471104,true,signature_generated,32,64,17088,0,0,"PQCManager includes key parsing, timestamping, allocation, and signature-registry insertion"
local-1786748164582988000,macmini-m2-20260814,9d3ab807a08ef4cf1077dbc23213e2314ce37c87,MEASURED,primitive,runtime_pqc_manager,SLH-DSA-SHAKE-128f-simple,verify_valid,small64,64,0,1,1471000,1453000,7471104,true,accepted,32,64,17088,0,0,
local-1786748164582988000,macmini-m2-20260814,9d3ab807a08ef4cf1077dbc23213e2314ce37c87,MEASURED,negative,runtime_pqc_manager,SLH-DSA-SHAKE-128f-simple,verify_tampered_signature,small64,64,0,0,1427208,1428000,7471104,true,rejected,32,0,17088,0,0,
local-1786748164582988000,macmini-m2-20260814,9d3ab807a08ef4cf1077dbc23213e2314ce37c87,MEASURED,primitive,runtime_pqc_manager,SLH-DSA-SHAKE-128f-simple,sign,vote192,192,0,1,24237875,24156000,7471104,true,signature_generated,32,64,17088,0,0,"PQCManager includes key parsing, timestamping, allocation, and signature-registry insertion"
local-1786748164582988000,macmini-m2-20260814,9d3ab807a08ef4cf1077dbc23213e2314ce37c87,MEASURED,primitive,runtime_pqc_manager,SLH-DSA-SHAKE-128f-simple,verify_valid,vote192,192,0,1,1550208,1533000,7471104,true,accepted,32,64,17088,0,0,
local-1786748164582988000,macmini-m2-20260814,9d3ab807a08ef4cf1077dbc23213e2314ce37c87,MEASURED,negative,runtime_pqc_manager,SLH-DSA-SHAKE-128f-simple,verify_tampered_signature,vote192,192,0,0,1373625,1375000,7471104,true,rejected,32,0,17088,0,0,
local-1786748164582988000,macmini-m2-20260814,9d3ab807a08ef4cf1077dbc23213e2314ce37c87,MEASURED,primitive,runtime_pqc_manager,SLH-DSA-SHAKE-128f-simple,sign,medium256,256,0,1,24413542,24243000,7471104,true,signature_generated,32,64,17088,0,0,"PQCManager includes key parsing, timestamping, allocation, and signature-registry insertion"
local-1786748164582988000,macmini-m2-20260814,9d3ab807a08ef4cf1077dbc23213e2314ce37c87,MEASURED,primitive,runtime_pqc_manager,SLH-DSA-SHAKE-128f-simple,verify_valid,medium256,256,0,1,1593667,1562000,7471104,true,accepted,32,64,17088,0,0,
local-1786748164582988000,macmini-m2-20260814,9d3ab807a08ef4cf1077dbc23213e2314ce37c87,MEASURED,negative,runtime_pqc_manager,SLH-DSA-SHAKE-128f-simple,verify_tampered_signature,medium256,256,0,0,1414458,1414000,7471104,true,rejected,32,0,17088,0,0,
local-1786748164582988000,macmini-m2-20260814,9d3ab807a08ef4cf1077dbc23213e2314ce37c87,MEASURED,primitive,runtime_pqc_manager,SLH-DSA-SHAKE-128f-simple,sign,transaction512,512,0,1,24247541,24174000,7471104,true,signature_generated,32,64,17088,0,0,"PQCManager includes key parsing, timestamping, allocation, and signature-registry insertion"
local-1786748164582988000,macmini-m2-20260814,9d3ab807a08ef4cf1077dbc23213e2314ce37c87,MEASURED,primitive,runtime_pqc_manager,SLH-DSA-SHAKE-128f-simple,verify_valid,transaction512,512,0,1,1551333,1512000,7471104,true,accepted,32,64,17088,0,0,
local-1786748164582988000,macmini-m2-20260814,9d3ab807a08ef4cf1077dbc23213e2314ce37c87,MEASURED,negative,runtime_pqc_manager,SLH-DSA-SHAKE-128f-simple,verify_tampered_signature,transaction512,512,0,0,1388583,1389000,7471104,true,rejected,32,0,17088,0,0,
local-1786748164582988000,macmini-m2-20260814,9d3ab807a08ef4cf1077dbc23213e2314ce37c87,MEASURED,primitive,runtime_pqc_manager,SLH-DSA-SHAKE-128f-simple,sign,block4096,4096,0,1,24323166,24202000,7471104,true,signature_generated,32,64,17088,0,0,"PQCManager includes key parsing, timestamping, allocation, and signature-registry insertion"
local-1786748164582988000,macmini-m2-20260814,9d3ab807a08ef4cf1077dbc23213e2314ce37c87,MEASURED,primitive,runtime_pqc_manager,SLH-DSA-SHAKE-128f-simple,verify_valid,block4096,4096,0,1,1490125,1467000,7471104,true,accepted,32,64,17088,0,0,
local-1786748164582988000,macmini-m2-20260814,9d3ab807a08ef4cf1077dbc23213e2314ce37c87,MEASURED,negative,runtime_pqc_manager,SLH-DSA-SHAKE-128f-simple,verify_tampered_signature,block4096,4096,0,0,1578750,1567000,7471104,true,rejected,32,0,17088,0,0,
local-1786748164582988000,macmini-m2-20260814,9d3ab807a08ef4cf1077dbc23213e2314ce37c87,MEASURED,primitive,runtime_pqc_manager,SLH-DSA-SHAKE-128f-simple,sign,large16384,16384,0,1,24543500,24417000,7471104,true,signature_generated,32,64,17088,0,0,"PQCManager includes key parsing, timestamping, allocation, and signature-registry insertion"
local-1786748164582988000,macmini-m2-20260814,9d3ab807a08ef4cf1077dbc23213e2314ce37c87,MEASURED,primitive,runtime_pqc_manager,SLH-DSA-SHAKE-128f-simple,verify_valid,large16384,16384,0,1,1656167,1642000,7471104,true,accepted,32,64,17088,0,0,
local-1786748164582988000,macmini-m2-20260814,9d3ab807a08ef4cf1077dbc23213e2314ce37c87,MEASURED,negative,runtime_pqc_manager,SLH-DSA-SHAKE-128f-simple,verify_tampered_signature,large16384,16384,0,0,1489709,1490000,7471104,true,rejected,32,0,17088,0,0,
local-1786748164582988000,macmini-m2-20260814,9d3ab807a08ef4cf1077dbc23213e2314ce37c87,MEASURED,primitive,runtime_pqc_manager,ML-KEM-1024,keygen,none,0,0,1,12375,14000,7503872,true,keypair_generated,1568,3168,0,0,0,
local-1786748164582988000,macmini-m2-20260814,9d3ab807a08ef4cf1077dbc23213e2314ce37c87,MEASURED,primitive,runtime_pqc_manager,ML-KEM-1024,encapsulate,kem,0,0,1,12542,13000,7569408,true,encapsulated,1568,3168,0,1568,32,PQCManager includes allocation and ciphertext/shared-secret registry insertion
local-1786748164582988000,macmini-m2-20260814,9d3ab807a08ef4cf1077dbc23213e2314ce37c87,MEASURED,primitive,runtime_pqc_manager,ML-KEM-1024,decapsulate,kem,0,0,1,14666,15000,7585792,true,shared_secret_match,1568,3168,0,1568,32,
local-1786748164582988000,macmini-m2-20260814,9d3ab807a08ef4cf1077dbc23213e2314ce37c87,MEASURED,negative,runtime_pqc_manager,ML-KEM-1024,decapsulate_tampered_ciphertext,kem,0,0,0,17000,17000,7602176,true,implicit_rejection_secret_differs,1568,3168,0,1568,32,CCA KEM decapsulation returned a secret; correctness requires it to differ from the original secret
local-1786748164582988000,macmini-m2-20260814,9d3ab807a08ef4cf1077dbc23213e2314ce37c87,MEASURED,primitive,runtime_pqc_manager,HQC-256,keygen,none,0,0,1,2756416,2735000,7684096,true,keypair_generated,7245,7317,0,0,0,
local-1786748164582988000,macmini-m2-20260814,9d3ab807a08ef4cf1077dbc23213e2314ce37c87,MEASURED,primitive,runtime_pqc_manager,HQC-256,encapsulate,kem,0,0,1,5169500,5171000,7766016,true,encapsulated,7245,7317,0,14421,64,PQCManager includes allocation and ciphertext/shared-secret registry insertion
local-1786748164582988000,macmini-m2-20260814,9d3ab807a08ef4cf1077dbc23213e2314ce37c87,MEASURED,primitive,runtime_pqc_manager,HQC-256,decapsulate,kem,0,0,1,8015791,7947000,7766016,true,shared_secret_match,7245,7317,0,14421,64,
local-1786748164582988000,macmini-m2-20260814,9d3ab807a08ef4cf1077dbc23213e2314ce37c87,MEASURED,negative,runtime_pqc_manager,HQC-256,decapsulate_tampered_ciphertext,kem,0,0,0,8037958,8004000,7880704,false,panic_caught,7245,7317,0,14421,0,library panicked on malformed ciphertext; harness caught unwind to preserve the remaining measurement matrix
