run_id,environment_id,source_commit,classification,sample_recorded_unix_ns,suite,layer,algorithm,operation,payload_profile,message_bytes,iteration,warmup_iterations,wall_ns,cpu_ns,max_rss_bytes,valid,result,work_units,item_count,public_key_bytes,private_key_bytes,signature_bytes,ciphertext_bytes,shared_secret_bytes,unsigned_serialized_bytes,serialized_bytes,authentication_bytes,notes
cold-51260-1786752606759373000,macmini-m2-macos26.5.2-rust1.97.1-aarch64-20260814,9d3ab807a08ef4cf1077dbc23213e2314ce37c87,MEASURED,1786752606761292000,cold_start,fresh_process_aegis,ML-DSA-65,first_signer_initialize,transaction512,512,0,0,1886708,1727000,6455296,true,initialized,1,0,0,0,0,0,0,0,0,0,includes the process-local required ML-DSA-65 smoke check
cold-51260-1786752606759373000,macmini-m2-macos26.5.2-rust1.97.1-aarch64-20260814,9d3ab807a08ef4cf1077dbc23213e2314ce37c87,MEASURED,1786752606761575000,cold_start,fresh_process_aegis,ML-DSA-65,first_keygen_register,transaction512,512,0,0,271167,272000,6488064,true,registered,1,0,1952,0,0,0,0,0,0,0,ML-DSA-65 key generation plus Aegis lifecycle registration
cold-51260-1786752606759373000,macmini-m2-macos26.5.2-rust1.97.1-aarch64-20260814,9d3ab807a08ef4cf1077dbc23213e2314ce37c87,MEASURED,1786752606761945000,cold_start,fresh_process_aegis,ML-DSA-65,first_domain_sign,transaction512,512,0,0,362167,364000,6488064,true,signed,1,0,1952,0,3309,0,0,0,0,0,first production-domain signature after initialization
cold-51260-1786752606759373000,macmini-m2-macos26.5.2-rust1.97.1-aarch64-20260814,9d3ab807a08ef4cf1077dbc23213e2314ce37c87,MEASURED,1786752606762117000,cold_start,fresh_process_aegis,ML-DSA-65,first_verifier_initialize,transaction512,512,0,0,164750,189000,6651904,true,initialized,1,0,1952,0,0,0,0,0,0,0,includes the process-local required verifier smoke check and registry clone
cold-51260-1786752606759373000,macmini-m2-macos26.5.2-rust1.97.1-aarch64-20260814,9d3ab807a08ef4cf1077dbc23213e2314ce37c87,MEASURED,1786752606762535000,cold_start,fresh_process_aegis,ML-DSA-65,first_domain_verify,transaction512,512,0,0,407959,513000,6897664,true,accepted_cache_miss,1,0,1952,0,3309,0,0,0,0,0,first production-domain verification after verifier initialization
cold-51260-1786752606759373000,macmini-m2-macos26.5.2-rust1.97.1-aarch64-20260814,9d3ab807a08ef4cf1077dbc23213e2314ce37c87,MEASURED,1786752606763910000,cold_start,fresh_process_aegis,ML-DSA-65,second_domain_sign,transaction512,512,0,0,1362083,1336000,6897664,true,signed,1,0,1952,0,3309,0,0,0,0,0,warm process-local domain signature
cold-51260-1786752606759373000,macmini-m2-macos26.5.2-rust1.97.1-aarch64-20260814,9d3ab807a08ef4cf1077dbc23213e2314ce37c87,MEASURED,1786752606764440000,cold_start,fresh_process_aegis,ML-DSA-65,second_domain_verify,transaction512,512,0,0,516125,528000,7061504,true,accepted_cache_miss,1,0,1952,0,3309,0,0,0,0,0,warm process-local cache-miss verification
cold-51261-1786752606773939000,macmini-m2-macos26.5.2-rust1.97.1-aarch64-20260814,9d3ab807a08ef4cf1077dbc23213e2314ce37c87,MEASURED,1786752606775064000,cold_start,fresh_process_aegis,ML-DSA-65,first_signer_initialize,transaction512,512,1,0,1113542,1096000,6455296,true,initialized,1,0,0,0,0,0,0,0,0,0,includes the process-local required ML-DSA-65 smoke check
cold-51261-1786752606773939000,macmini-m2-macos26.5.2-rust1.97.1-aarch64-20260814,9d3ab807a08ef4cf1077dbc23213e2314ce37c87,MEASURED,1786752606775325000,cold_start,fresh_process_aegis,ML-DSA-65,first_keygen_register,transaction512,512,1,0,248875,250000,6488064,true,registered,1,0,1952,0,0,0,0,0,0,0,ML-DSA-65 key generation plus Aegis lifecycle registration
cold-51261-1786752606773939000,macmini-m2-macos26.5.2-rust1.97.1-aarch64-20260814,9d3ab807a08ef4cf1077dbc23213e2314ce37c87,MEASURED,1786752606775786000,cold_start,fresh_process_aegis,ML-DSA-65,first_domain_sign,transaction512,512,1,0,454292,455000,6488064,true,signed,1,0,1952,0,3309,0,0,0,0,0,first production-domain signature after initialization
cold-51261-1786752606773939000,macmini-m2-macos26.5.2-rust1.97.1-aarch64-20260814,9d3ab807a08ef4cf1077dbc23213e2314ce37c87,MEASURED,1786752606775856000,cold_start,fresh_process_aegis,ML-DSA-65,first_verifier_initialize,transaction512,512,1,0,61917,75000,6635520,true,initialized,1,0,1952,0,0,0,0,0,0,0,includes the process-local required verifier smoke check and registry clone
cold-51261-1786752606773939000,macmini-m2-macos26.5.2-rust1.97.1-aarch64-20260814,9d3ab807a08ef4cf1077dbc23213e2314ce37c87,MEASURED,1786752606776188000,cold_start,fresh_process_aegis,ML-DSA-65,first_domain_verify,transaction512,512,1,0,323500,373000,6881280,true,accepted_cache_miss,1,0,1952,0,3309,0,0,0,0,0,first production-domain verification after verifier initialization
cold-51261-1786752606773939000,macmini-m2-macos26.5.2-rust1.97.1-aarch64-20260814,9d3ab807a08ef4cf1077dbc23213e2314ce37c87,MEASURED,1786752606777416000,cold_start,fresh_process_aegis,ML-DSA-65,second_domain_sign,transaction512,512,1,0,1218250,1220000,6897664,true,signed,1,0,1952,0,3309,0,0,0,0,0,warm process-local domain signature
cold-51261-1786752606773939000,macmini-m2-macos26.5.2-rust1.97.1-aarch64-20260814,9d3ab807a08ef4cf1077dbc23213e2314ce37c87,MEASURED,1786752606777705000,cold_start,fresh_process_aegis,ML-DSA-65,second_domain_verify,transaction512,512,1,0,279167,286000,7045120,true,accepted_cache_miss,1,0,1952,0,3309,0,0,0,0,0,warm process-local cache-miss verification
cold-51270-1786752606839852000,macmini-m2-macos26.5.2-rust1.97.1-aarch64-20260814,9d3ab807a08ef4cf1077dbc23213e2314ce37c87,MEASURED,1786752606840393000,cold_start,fresh_process_aegis,ML-DSA-65,first_signer_initialize,transaction512,512,10,0,537083,538000,6471680,true,initialized,1,0,0,0,0,0,0,0,0,0,includes the process-local required ML-DSA-65 smoke check
cold-51270-1786752606839852000,macmini-m2-macos26.5.2-rust1.97.1-aarch64-20260814,9d3ab807a08ef4cf1077dbc23213e2314ce37c87,MEASURED,1786752606840508000,cold_start,fresh_process_aegis,ML-DSA-65,first_keygen_register,transaction512,512,10,0,110500,112000,6488064,true,registered,1,0,1952,0,0,0,0,0,0,0,ML-DSA-65 key generation plus Aegis lifecycle registration
cold-51270-1786752606839852000,macmini-m2-macos26.5.2-rust1.97.1-aarch64-20260814,9d3ab807a08ef4cf1077dbc23213e2314ce37c87,MEASURED,1786752606840708000,cold_start,fresh_process_aegis,ML-DSA-65,first_domain_sign,transaction512,512,10,0,197584,198000,6488064,true,signed,1,0,1952,0,3309,0,0,0,0,0,first production-domain signature after initialization
cold-51270-1786752606839852000,macmini-m2-macos26.5.2-rust1.97.1-aarch64-20260814,9d3ab807a08ef4cf1077dbc23213e2314ce37c87,MEASURED,1786752606840736000,cold_start,fresh_process_aegis,ML-DSA-65,first_verifier_initialize,transaction512,512,10,0,24542,27000,6635520,true,initialized,1,0,1952,0,0,0,0,0,0,0,includes the process-local required verifier smoke check and registry clone
cold-51270-1786752606839852000,macmini-m2-macos26.5.2-rust1.97.1-aarch64-20260814,9d3ab807a08ef4cf1077dbc23213e2314ce37c87,MEASURED,1786752606840872000,cold_start,fresh_process_aegis,ML-DSA-65,first_domain_verify,transaction512,512,10,0,132375,157000,6881280,true,accepted_cache_miss,1,0,1952,0,3309,0,0,0,0,0,first production-domain verification after verifier initialization
cold-51270-1786752606839852000,macmini-m2-macos26.5.2-rust1.97.1-aarch64-20260814,9d3ab807a08ef4cf1077dbc23213e2314ce37c87,MEASURED,1786752606841638000,cold_start,fresh_process_aegis,ML-DSA-65,second_domain_sign,transaction512,512,10,0,762459,764000,6897664,true,signed,1,0,1952,0,3309,0,0,0,0,0,warm process-local domain signature
cold-51270-1786752606839852000,macmini-m2-macos26.5.2-rust1.97.1-aarch64-20260814,9d3ab807a08ef4cf1077dbc23213e2314ce37c87,MEASURED,1786752606841780000,cold_start,fresh_process_aegis,ML-DSA-65,second_domain_verify,transaction512,512,10,0,138041,142000,7045120,true,accepted_cache_miss,1,0,1952,0,3309,0,0,0,0,0,warm process-local cache-miss verification
cold-51271-1786752606845639000,macmini-m2-macos26.5.2-rust1.97.1-aarch64-20260814,9d3ab807a08ef4cf1077dbc23213e2314ce37c87,MEASURED,1786752606846932000,cold_start,fresh_process_aegis,ML-DSA-65,first_signer_initialize,transaction512,512,11,0,1288666,1290000,6455296,true,initialized,1,0,0,0,0,0,0,0,0,0,includes the process-local required ML-DSA-65 smoke check
cold-51271-1786752606845639000,macmini-m2-macos26.5.2-rust1.97.1-aarch64-20260814,9d3ab807a08ef4cf1077dbc23213e2314ce37c87,MEASURED,1786752606847043000,cold_start,fresh_process_aegis,ML-DSA-65,first_keygen_register,transaction512,512,11,0,107458,108000,6488064,true,registered,1,0,1952,0,0,0,0,0,0,0,ML-DSA-65 key generation plus Aegis lifecycle registration
cold-51271-1786752606845639000,macmini-m2-macos26.5.2-rust1.97.1-aarch64-20260814,9d3ab807a08ef4cf1077dbc23213e2314ce37c87,MEASURED,1786752606847191000,cold_start,fresh_process_aegis,ML-DSA-65,first_domain_sign,transaction512,512,11,0,144542,145000,6488064,true,signed,1,0,1952,0,3309,0,0,0,0,0,first production-domain signature after initialization
cold-51271-1786752606845639000,macmini-m2-macos26.5.2-rust1.97.1-aarch64-20260814,9d3ab807a08ef4cf1077dbc23213e2314ce37c87,MEASURED,1786752606847218000,cold_start,fresh_process_aegis,ML-DSA-65,first_verifier_initialize,transaction512,512,11,0,24084,27000,6635520,true,initialized,1,0,1952,0,0,0,0,0,0,0,includes the process-local required verifier smoke check and registry clone
cold-51271-1786752606845639000,macmini-m2-macos26.5.2-rust1.97.1-aarch64-20260814,9d3ab807a08ef4cf1077dbc23213e2314ce37c87,MEASURED,1786752606847359000,cold_start,fresh_process_aegis,ML-DSA-65,first_domain_verify,transaction512,512,11,0,135875,165000,6881280,true,accepted_cache_miss,1,0,1952,0,3309,0,0,0,0,0,first production-domain verification after verifier initialization
cold-51271-1786752606845639000,macmini-m2-macos26.5.2-rust1.97.1-aarch64-20260814,9d3ab807a08ef4cf1077dbc23213e2314ce37c87,MEASURED,1786752606847887000,cold_start,fresh_process_aegis,ML-DSA-65,second_domain_sign,transaction512,512,11,0,524291,524000,6897664,true,signed,1,0,1952,0,3309,0,0,0,0,0,warm process-local domain signature
cold-51271-1786752606845639000,macmini-m2-macos26.5.2-rust1.97.1-aarch64-20260814,9d3ab807a08ef4cf1077dbc23213e2314ce37c87,MEASURED,1786752606848015000,cold_start,fresh_process_aegis,ML-DSA-65,second_domain_verify,transaction512,512,11,0,123833,127000,7045120,true,accepted_cache_miss,1,0,1952,0,3309,0,0,0,0,0,warm process-local cache-miss verification
cold-51272-1786752606851949000,macmini-m2-macos26.5.2-rust1.97.1-aarch64-20260814,9d3ab807a08ef4cf1077dbc23213e2314ce37c87,MEASURED,1786752606852421000,cold_start,fresh_process_aegis,ML-DSA-65,first_signer_initialize,transaction512,512,12,0,467042,468000,6455296,true,initialized,1,0,0,0,0,0,0,0,0,0,includes the process-local required ML-DSA-65 smoke check
cold-51272-1786752606851949000,macmini-m2-macos26.5.2-rust1.97.1-aarch64-20260814,9d3ab807a08ef4cf1077dbc23213e2314ce37c87,MEASURED,1786752606852532000,cold_start,fresh_process_aegis,ML-DSA-65,first_keygen_register,transaction512,512,12,0,107042,107000,6488064,true,registered,1,0,1952,0,0,0,0,0,0,0,ML-DSA-65 key generation plus Aegis lifecycle registration
cold-51272-1786752606851949000,macmini-m2-macos26.5.2-rust1.97.1-aarch64-20260814,9d3ab807a08ef4cf1077dbc23213e2314ce37c87,MEASURED,1786752606852972000,cold_start,fresh_process_aegis,ML-DSA-65,first_domain_sign,transaction512,512,12,0,436917,436000,6488064,true,signed,1,0,1952,0,3309,0,0,0,0,0,first production-domain signature after initialization
cold-51272-1786752606851949000,macmini-m2-macos26.5.2-rust1.97.1-aarch64-20260814,9d3ab807a08ef4cf1077dbc23213e2314ce37c87,MEASURED,1786752606853001000,cold_start,fresh_process_aegis,ML-DSA-65,first_verifier_initialize,transaction512,512,12,0,25750,29000,6651904,true,initialized,1,0,1952,0,0,0,0,0,0,0,includes the process-local required verifier smoke check and registry clone
cold-51272-1786752606851949000,macmini-m2-macos26.5.2-rust1.97.1-aarch64-20260814,9d3ab807a08ef4cf1077dbc23213e2314ce37c87,MEASURED,1786752606853144000,cold_start,fresh_process_aegis,ML-DSA-65,first_domain_verify,transaction512,512,12,0,139209,169000,6897664,true,accepted_cache_miss,1,0,1952,0,3309,0,0,0,0,0,first production-domain verification after verifier initialization
cold-51272-1786752606851949000,macmini-m2-macos26.5.2-rust1.97.1-aarch64-20260814,9d3ab807a08ef4cf1077dbc23213e2314ce37c87,MEASURED,1786752606853297000,cold_start,fresh_process_aegis,ML-DSA-65,second_domain_sign,transaction512,512,12,0,150208,151000,6897664,true,signed,1,0,1952,0,3309,0,0,0,0,0,warm process-local domain signature
cold-51272-1786752606851949000,macmini-m2-macos26.5.2-rust1.97.1-aarch64-20260814,9d3ab807a08ef4cf1077dbc23213e2314ce37c87,MEASURED,1786752606853423000,cold_start,fresh_process_aegis,ML-DSA-65,second_domain_verify,transaction512,512,12,0,122167,125000,7045120,true,accepted_cache_miss,1,0,1952,0,3309,0,0,0,0,0,warm process-local cache-miss verification
cold-51273-1786752606856987000,macmini-m2-macos26.5.2-rust1.97.1-aarch64-20260814,9d3ab807a08ef4cf1077dbc23213e2314ce37c87,MEASURED,1786752606857381000,cold_start,fresh_process_aegis,ML-DSA-65,first_signer_initialize,transaction512,512,13,0,390125,388000,6471680,true,initialized,1,0,0,0,0,0,0,0,0,0,includes the process-local required ML-DSA-65 smoke check
cold-51273-1786752606856987000,macmini-m2-macos26.5.2-rust1.97.1-aarch64-20260814,9d3ab807a08ef4cf1077dbc23213e2314ce37c87,MEASURED,1786752606857497000,cold_start,fresh_process_aegis,ML-DSA-65,first_keygen_register,transaction512,512,13,0,110834,111000,6488064,true,registered,1,0,1952,0,0,0,0,0,0,0,ML-DSA-65 key generation plus Aegis lifecycle registration
cold-51273-1786752606856987000,macmini-m2-macos26.5.2-rust1.97.1-aarch64-20260814,9d3ab807a08ef4cf1077dbc23213e2314ce37c87,MEASURED,1786752606857823000,cold_start,fresh_process_aegis,ML-DSA-65,first_domain_sign,transaction512,512,13,0,323291,324000,6488064,true,signed,1,0,1952,0,3309,0,0,0,0,0,first production-domain signature after initialization
cold-51273-1786752606856987000,macmini-m2-macos26.5.2-rust1.97.1-aarch64-20260814,9d3ab807a08ef4cf1077dbc23213e2314ce37c87,MEASURED,1786752606857853000,cold_start,fresh_process_aegis,ML-DSA-65,first_verifier_initialize,transaction512,512,13,0,27000,34000,6635520,true,initialized,1,0,1952,0,0,0,0,0,0,0,includes the process-local required verifier smoke check and registry clone
cold-51273-1786752606856987000,macmini-m2-macos26.5.2-rust1.97.1-aarch64-20260814,9d3ab807a08ef4cf1077dbc23213e2314ce37c87,MEASURED,1786752606857992000,cold_start,fresh_process_aegis,ML-DSA-65,first_domain_verify,transaction512,512,13,0,134333,159000,6881280,true,accepted_cache_miss,1,0,1952,0,3309,0,0,0,0,0,first production-domain verification after verifier initialization
cold-51273-1786752606856987000,macmini-m2-macos26.5.2-rust1.97.1-aarch64-20260814,9d3ab807a08ef4cf1077dbc23213e2314ce37c87,MEASURED,1786752606858330000,cold_start,fresh_process_aegis,ML-DSA-65,second_domain_sign,transaction512,512,13,0,335209,335000,6881280,true,signed,1,0,1952,0,3309,0,0,0,0,0,warm process-local domain signature
cold-51273-1786752606856987000,macmini-m2-macos26.5.2-rust1.97.1-aarch64-20260814,9d3ab807a08ef4cf1077dbc23213e2314ce37c87,MEASURED,1786752606858459000,cold_start,fresh_process_aegis,ML-DSA-65,second_domain_verify,transaction512,512,13,0,125625,129000,7012352,true,accepted_cache_miss,1,0,1952,0,3309,0,0,0,0,0,warm process-local cache-miss verification
cold-51274-1786752606862332000,macmini-m2-macos26.5.2-rust1.97.1-aarch64-20260814,9d3ab807a08ef4cf1077dbc23213e2314ce37c87,MEASURED,1786752606862804000,cold_start,fresh_process_aegis,ML-DSA-65,first_signer_initialize,transaction512,512,14,0,468459,469000,6455296,true,initialized,1,0,0,0,0,0,0,0,0,0,includes the process-local required ML-DSA-65 smoke check
cold-51274-1786752606862332000,macmini-m2-macos26.5.2-rust1.97.1-aarch64-20260814,9d3ab807a08ef4cf1077dbc23213e2314ce37c87,MEASURED,1786752606862918000,cold_start,fresh_process_aegis,ML-DSA-65,first_keygen_register,transaction512,512,14,0,110208,110000,6471680,true,registered,1,0,1952,0,0,0,0,0,0,0,ML-DSA-65 key generation plus Aegis lifecycle registration
cold-51274-1786752606862332000,macmini-m2-macos26.5.2-rust1.97.1-aarch64-20260814,9d3ab807a08ef4cf1077dbc23213e2314ce37c87,MEASURED,1786752606863061000,cold_start,fresh_process_aegis,ML-DSA-65,first_domain_sign,transaction512,512,14,0,139875,139000,6471680,true,signed,1,0,1952,0,3309,0,0,0,0,0,first production-domain signature after initialization
cold-51274-1786752606862332000,macmini-m2-macos26.5.2-rust1.97.1-aarch64-20260814,9d3ab807a08ef4cf1077dbc23213e2314ce37c87,MEASURED,1786752606863089000,cold_start,fresh_process_aegis,ML-DSA-65,first_verifier_initialize,transaction512,512,14,0,25375,31000,6635520,true,initialized,1,0,1952,0,0,0,0,0,0,0,includes the process-local required verifier smoke check and registry clone
cold-51274-1786752606862332000,macmini-m2-macos26.5.2-rust1.97.1-aarch64-20260814,9d3ab807a08ef4cf1077dbc23213e2314ce37c87,MEASURED,1786752606863231000,cold_start,fresh_process_aegis,ML-DSA-65,first_domain_verify,transaction512,512,14,0,136709,164000,6881280,true,accepted_cache_miss,1,0,1952,0,3309,0,0,0,0,0,first production-domain verification after verifier initialization
cold-51274-1786752606862332000,macmini-m2-macos26.5.2-rust1.97.1-aarch64-20260814,9d3ab807a08ef4cf1077dbc23213e2314ce37c87,MEASURED,1786752606863386000,cold_start,fresh_process_aegis,ML-DSA-65,second_domain_sign,transaction512,512,14,0,151208,151000,6897664,true,signed,1,0,1952,0,3309,0,0,0,0,0,warm process-local domain signature
cold-51274-1786752606862332000,macmini-m2-macos26.5.2-rust1.97.1-aarch64-20260814,9d3ab807a08ef4cf1077dbc23213e2314ce37c87,MEASURED,1786752606863515000,cold_start,fresh_process_aegis,ML-DSA-65,second_domain_verify,transaction512,512,14,0,126291,129000,7045120,true,accepted_cache_miss,1,0,1952,0,3309,0,0,0,0,0,warm process-local cache-miss verification
cold-51275-1786752606867462000,macmini-m2-macos26.5.2-rust1.97.1-aarch64-20260814,9d3ab807a08ef4cf1077dbc23213e2314ce37c87,MEASURED,1786752606868009000,cold_start,fresh_process_aegis,ML-DSA-65,first_signer_initialize,transaction512,512,15,0,542250,543000,6455296,true,initialized,1,0,0,0,0,0,0,0,0,0,includes the process-local required ML-DSA-65 smoke check
cold-51275-1786752606867462000,macmini-m2-macos26.5.2-rust1.97.1-aarch64-20260814,9d3ab807a08ef4cf1077dbc23213e2314ce37c87,MEASURED,1786752606868117000,cold_start,fresh_process_aegis,ML-DSA-65,first_keygen_register,transaction512,512,15,0,104292,105000,6488064,true,registered,1,0,1952,0,0,0,0,0,0,0,ML-DSA-65 key generation plus Aegis lifecycle registration
cold-51275-1786752606867462000,macmini-m2-macos26.5.2-rust1.97.1-aarch64-20260814,9d3ab807a08ef4cf1077dbc23213e2314ce37c87,MEASURED,1786752606868417000,cold_start,fresh_process_aegis,ML-DSA-65,first_domain_sign,transaction512,512,15,0,296292,296000,6488064,true,signed,1,0,1952,0,3309,0,0,0,0,0,first production-domain signature after initialization
cold-51275-1786752606867462000,macmini-m2-macos26.5.2-rust1.97.1-aarch64-20260814,9d3ab807a08ef4cf1077dbc23213e2314ce37c87,MEASURED,1786752606868446000,cold_start,fresh_process_aegis,ML-DSA-65,first_verifier_initialize,transaction512,512,15,0,26208,30000,6635520,true,initialized,1,0,1952,0,0,0,0,0,0,0,includes the process-local required verifier smoke check and registry clone
cold-51275-1786752606867462000,macmini-m2-macos26.5.2-rust1.97.1-aarch64-20260814,9d3ab807a08ef4cf1077dbc23213e2314ce37c87,MEASURED,1786752606868589000,cold_start,fresh_process_aegis,ML-DSA-65,first_domain_verify,transaction512,512,15,0,139084,170000,6897664,true,accepted_cache_miss,1,0,1952,0,3309,0,0,0,0,0,first production-domain verification after verifier initialization
cold-51275-1786752606867462000,macmini-m2-macos26.5.2-rust1.97.1-aarch64-20260814,9d3ab807a08ef4cf1077dbc23213e2314ce37c87,MEASURED,1786752606868895000,cold_start,fresh_process_aegis,ML-DSA-65,second_domain_sign,transaction512,512,15,0,302084,302000,6914048,true,signed,1,0,1952,0,3309,0,0,0,0,0,warm process-local domain signature
cold-51275-1786752606867462000,macmini-m2-macos26.5.2-rust1.97.1-aarch64-20260814,9d3ab807a08ef4cf1077dbc23213e2314ce37c87,MEASURED,1786752606869030000,cold_start,fresh_process_aegis,ML-DSA-65,second_domain_verify,transaction512,512,15,0,132375,136000,7045120,true,accepted_cache_miss,1,0,1952,0,3309,0,0,0,0,0,warm process-local cache-miss verification
cold-51276-1786752606872776000,macmini-m2-macos26.5.2-rust1.97.1-aarch64-20260814,9d3ab807a08ef4cf1077dbc23213e2314ce37c87,MEASURED,1786752606873327000,cold_start,fresh_process_aegis,ML-DSA-65,first_signer_initialize,transaction512,512,16,0,547458,548000,6455296,true,initialized,1,0,0,0,0,0,0,0,0,0,includes the process-local required ML-DSA-65 smoke check
cold-51276-1786752606872776000,macmini-m2-macos26.5.2-rust1.97.1-aarch64-20260814,9d3ab807a08ef4cf1077dbc23213e2314ce37c87,MEASURED,1786752606873433000,cold_start,fresh_process_aegis,ML-DSA-65,first_keygen_register,transaction512,512,16,0,101542,101000,6488064,true,registered,1,0,1952,0,0,0,0,0,0,0,ML-DSA-65 key generation plus Aegis lifecycle registration
cold-51276-1786752606872776000,macmini-m2-macos26.5.2-rust1.97.1-aarch64-20260814,9d3ab807a08ef4cf1077dbc23213e2314ce37c87,MEASURED,1786752606874051000,cold_start,fresh_process_aegis,ML-DSA-65,first_domain_sign,transaction512,512,16,0,614833,615000,6488064,true,signed,1,0,1952,0,3309,0,0,0,0,0,first production-domain signature after initialization
cold-51276-1786752606872776000,macmini-m2-macos26.5.2-rust1.97.1-aarch64-20260814,9d3ab807a08ef4cf1077dbc23213e2314ce37c87,MEASURED,1786752606874078000,cold_start,fresh_process_aegis,ML-DSA-65,first_verifier_initialize,transaction512,512,16,0,24375,28000,6635520,true,initialized,1,0,1952,0,0,0,0,0,0,0,includes the process-local required verifier smoke check and registry clone
cold-51276-1786752606872776000,macmini-m2-macos26.5.2-rust1.97.1-aarch64-20260814,9d3ab807a08ef4cf1077dbc23213e2314ce37c87,MEASURED,1786752606874222000,cold_start,fresh_process_aegis,ML-DSA-65,first_domain_verify,transaction512,512,16,0,139333,173000,6897664,true,accepted_cache_miss,1,0,1952,0,3309,0,0,0,0,0,first production-domain verification after verifier initialization
cold-51276-1786752606872776000,macmini-m2-macos26.5.2-rust1.97.1-aarch64-20260814,9d3ab807a08ef4cf1077dbc23213e2314ce37c87,MEASURED,1786752606874576000,cold_start,fresh_process_aegis,ML-DSA-65,second_domain_sign,transaction512,512,16,0,349750,351000,6914048,true,signed,1,0,1952,0,3309,0,0,0,0,0,warm process-local domain signature
cold-51276-1786752606872776000,macmini-m2-macos26.5.2-rust1.97.1-aarch64-20260814,9d3ab807a08ef4cf1077dbc23213e2314ce37c87,MEASURED,1786752606874714000,cold_start,fresh_process_aegis,ML-DSA-65,second_domain_verify,transaction512,512,16,0,134584,139000,7045120,true,accepted_cache_miss,1,0,1952,0,3309,0,0,0,0,0,warm process-local cache-miss verification
cold-51277-1786752606878334000,macmini-m2-macos26.5.2-rust1.97.1-aarch64-20260814,9d3ab807a08ef4cf1077dbc23213e2314ce37c87,MEASURED,1786752606878731000,cold_start,fresh_process_aegis,ML-DSA-65,first_signer_initialize,transaction512,512,17,0,392208,394000,6471680,true,initialized,1,0,0,0,0,0,0,0,0,0,includes the process-local required ML-DSA-65 smoke check
cold-51277-1786752606878334000,macmini-m2-macos26.5.2-rust1.97.1-aarch64-20260814,9d3ab807a08ef4cf1077dbc23213e2314ce37c87,MEASURED,1786752606878846000,cold_start,fresh_process_aegis,ML-DSA-65,first_keygen_register,transaction512,512,17,0,110833,112000,6488064,true,registered,1,0,1952,0,0,0,0,0,0,0,ML-DSA-65 key generation plus Aegis lifecycle registration
cold-51277-1786752606878334000,macmini-m2-macos26.5.2-rust1.97.1-aarch64-20260814,9d3ab807a08ef4cf1077dbc23213e2314ce37c87,MEASURED,1786752606879395000,cold_start,fresh_process_aegis,ML-DSA-65,first_domain_sign,transaction512,512,17,0,546334,546000,6488064,true,signed,1,0,1952,0,3309,0,0,0,0,0,first production-domain signature after initialization
cold-51277-1786752606878334000,macmini-m2-macos26.5.2-rust1.97.1-aarch64-20260814,9d3ab807a08ef4cf1077dbc23213e2314ce37c87,MEASURED,1786752606879424000,cold_start,fresh_process_aegis,ML-DSA-65,first_verifier_initialize,transaction512,512,17,0,25750,30000,6635520,true,initialized,1,0,1952,0,0,0,0,0,0,0,includes the process-local required verifier smoke check and registry clone
cold-51277-1786752606878334000,macmini-m2-macos26.5.2-rust1.97.1-aarch64-20260814,9d3ab807a08ef4cf1077dbc23213e2314ce37c87,MEASURED,1786752606879570000,cold_start,fresh_process_aegis,ML-DSA-65,first_domain_verify,transaction512,512,17,0,141458,170000,6881280,true,accepted_cache_miss,1,0,1952,0,3309,0,0,0,0,0,first production-domain verification after verifier initialization
cold-51277-1786752606878334000,macmini-m2-macos26.5.2-rust1.97.1-aarch64-20260814,9d3ab807a08ef4cf1077dbc23213e2314ce37c87,MEASURED,1786752606879788000,cold_start,fresh_process_aegis,ML-DSA-65,second_domain_sign,transaction512,512,17,0,214667,215000,6897664,true,signed,1,0,1952,0,3309,0,0,0,0,0,warm process-local domain signature
cold-51277-1786752606878334000,macmini-m2-macos26.5.2-rust1.97.1-aarch64-20260814,9d3ab807a08ef4cf1077dbc23213e2314ce37c87,MEASURED,1786752606879911000,cold_start,fresh_process_aegis,ML-DSA-65,second_domain_verify,transaction512,512,17,0,121000,124000,7045120,true,accepted_cache_miss,1,0,1952,0,3309,0,0,0,0,0,warm process-local cache-miss verification
cold-51278-1786752606883556000,macmini-m2-macos26.5.2-rust1.97.1-aarch64-20260814,9d3ab807a08ef4cf1077dbc23213e2314ce37c87,MEASURED,1786752606884046000,cold_start,fresh_process_aegis,ML-DSA-65,first_signer_initialize,transaction512,512,18,0,486792,488000,6471680,true,initialized,1,0,0,0,0,0,0,0,0,0,includes the process-local required ML-DSA-65 smoke check
cold-51278-1786752606883556000,macmini-m2-macos26.5.2-rust1.97.1-aarch64-20260814,9d3ab807a08ef4cf1077dbc23213e2314ce37c87,MEASURED,1786752606884157000,cold_start,fresh_process_aegis,ML-DSA-65,first_keygen_register,transaction512,512,18,0,107000,107000,6504448,true,registered,1,0,1952,0,0,0,0,0,0,0,ML-DSA-65 key generation plus Aegis lifecycle registration
cold-51278-1786752606883556000,macmini-m2-macos26.5.2-rust1.97.1-aarch64-20260814,9d3ab807a08ef4cf1077dbc23213e2314ce37c87,MEASURED,1786752606884535000,cold_start,fresh_process_aegis,ML-DSA-65,first_domain_sign,transaction512,512,18,0,374917,371000,6504448,true,signed,1,0,1952,0,3309,0,0,0,0,0,first production-domain signature after initialization
cold-51278-1786752606883556000,macmini-m2-macos26.5.2-rust1.97.1-aarch64-20260814,9d3ab807a08ef4cf1077dbc23213e2314ce37c87,MEASURED,1786752606884569000,cold_start,fresh_process_aegis,ML-DSA-65,first_verifier_initialize,transaction512,512,18,0,29958,39000,6701056,true,initialized,1,0,1952,0,0,0,0,0,0,0,includes the process-local required verifier smoke check and registry clone
cold-51278-1786752606883556000,macmini-m2-macos26.5.2-rust1.97.1-aarch64-20260814,9d3ab807a08ef4cf1077dbc23213e2314ce37c87,MEASURED,1786752606884747000,cold_start,fresh_process_aegis,ML-DSA-65,first_domain_verify,transaction512,512,18,0,174250,195000,6897664,true,accepted_cache_miss,1,0,1952,0,3309,0,0,0,0,0,first production-domain verification after verifier initialization
cold-51278-1786752606883556000,macmini-m2-macos26.5.2-rust1.97.1-aarch64-20260814,9d3ab807a08ef4cf1077dbc23213e2314ce37c87,MEASURED,1786752606885379000,cold_start,fresh_process_aegis,ML-DSA-65,second_domain_sign,transaction512,512,18,0,626542,625000,6897664,true,signed,1,0,1952,0,3309,0,0,0,0,0,warm process-local domain signature
cold-51278-1786752606883556000,macmini-m2-macos26.5.2-rust1.97.1-aarch64-20260814,9d3ab807a08ef4cf1077dbc23213e2314ce37c87,MEASURED,1786752606885515000,cold_start,fresh_process_aegis,ML-DSA-65,second_domain_verify,transaction512,512,18,0,132083,136000,7045120,true,accepted_cache_miss,1,0,1952,0,3309,0,0,0,0,0,warm process-local cache-miss verification
cold-51279-1786752606889216000,macmini-m2-macos26.5.2-rust1.97.1-aarch64-20260814,9d3ab807a08ef4cf1077dbc23213e2314ce37c87,MEASURED,1786752606889573000,cold_start,fresh_process_aegis,ML-DSA-65,first_signer_initialize,transaction512,512,19,0,354292,355000,6455296,true,initialized,1,0,0,0,0,0,0,0,0,0,includes the process-local required ML-DSA-65 smoke check
cold-51279-1786752606889216000,macmini-m2-macos26.5.2-rust1.97.1-aarch64-20260814,9d3ab807a08ef4cf1077dbc23213e2314ce37c87,MEASURED,1786752606889680000,cold_start,fresh_process_aegis,ML-DSA-65,first_keygen_register,transaction512,512,19,0,103291,103000,6471680,true,registered,1,0,1952,0,0,0,0,0,0,0,ML-DSA-65 key generation plus Aegis lifecycle registration
cold-51279-1786752606889216000,macmini-m2-macos26.5.2-rust1.97.1-aarch64-20260814,9d3ab807a08ef4cf1077dbc23213e2314ce37c87,MEASURED,1786752606889914000,cold_start,fresh_process_aegis,ML-DSA-65,first_domain_sign,transaction512,512,19,0,230375,230000,6471680,true,signed,1,0,1952,0,3309,0,0,0,0,0,first production-domain signature after initialization
cold-51279-1786752606889216000,macmini-m2-macos26.5.2-rust1.97.1-aarch64-20260814,9d3ab807a08ef4cf1077dbc23213e2314ce37c87,MEASURED,1786752606889943000,cold_start,fresh_process_aegis,ML-DSA-65,first_verifier_initialize,transaction512,512,19,0,26625,31000,6635520,true,initialized,1,0,1952,0,0,0,0,0,0,0,includes the process-local required verifier smoke check and registry clone
cold-51279-1786752606889216000,macmini-m2-macos26.5.2-rust1.97.1-aarch64-20260814,9d3ab807a08ef4cf1077dbc23213e2314ce37c87,MEASURED,1786752606890084000,cold_start,fresh_process_aegis,ML-DSA-65,first_domain_verify,transaction512,512,19,0,137208,163000,6864896,true,accepted_cache_miss,1,0,1952,0,3309,0,0,0,0,0,first production-domain verification after verifier initialization
cold-51279-1786752606889216000,macmini-m2-macos26.5.2-rust1.97.1-aarch64-20260814,9d3ab807a08ef4cf1077dbc23213e2314ce37c87,MEASURED,1786752606890672000,cold_start,fresh_process_aegis,ML-DSA-65,second_domain_sign,transaction512,512,19,0,584833,585000,6881280,true,signed,1,0,1952,0,3309,0,0,0,0,0,warm process-local domain signature
cold-51279-1786752606889216000,macmini-m2-macos26.5.2-rust1.97.1-aarch64-20260814,9d3ab807a08ef4cf1077dbc23213e2314ce37c87,MEASURED,1786752606890811000,cold_start,fresh_process_aegis,ML-DSA-65,second_domain_verify,transaction512,512,19,0,136125,141000,7028736,true,accepted_cache_miss,1,0,1952,0,3309,0,0,0,0,0,warm process-local cache-miss verification
cold-51262-1786752606785067000,macmini-m2-macos26.5.2-rust1.97.1-aarch64-20260814,9d3ab807a08ef4cf1077dbc23213e2314ce37c87,MEASURED,1786752606785797000,cold_start,fresh_process_aegis,ML-DSA-65,first_signer_initialize,transaction512,512,2,0,722375,724000,6455296,true,initialized,1,0,0,0,0,0,0,0,0,0,includes the process-local required ML-DSA-65 smoke check
cold-51262-1786752606785067000,macmini-m2-macos26.5.2-rust1.97.1-aarch64-20260814,9d3ab807a08ef4cf1077dbc23213e2314ce37c87,MEASURED,1786752606785983000,cold_start,fresh_process_aegis,ML-DSA-65,first_keygen_register,transaction512,512,2,0,178667,179000,6471680,true,registered,1,0,1952,0,0,0,0,0,0,0,ML-DSA-65 key generation plus Aegis lifecycle registration
cold-51262-1786752606785067000,macmini-m2-macos26.5.2-rust1.97.1-aarch64-20260814,9d3ab807a08ef4cf1077dbc23213e2314ce37c87,MEASURED,1786752606786327000,cold_start,fresh_process_aegis,ML-DSA-65,first_domain_sign,transaction512,512,2,0,339250,340000,6471680,true,signed,1,0,1952,0,3309,0,0,0,0,0,first production-domain signature after initialization
cold-51262-1786752606785067000,macmini-m2-macos26.5.2-rust1.97.1-aarch64-20260814,9d3ab807a08ef4cf1077dbc23213e2314ce37c87,MEASURED,1786752606786372000,cold_start,fresh_process_aegis,ML-DSA-65,first_verifier_initialize,transaction512,512,2,0,40250,47000,6635520,true,initialized,1,0,1952,0,0,0,0,0,0,0,includes the process-local required verifier smoke check and registry clone
cold-51262-1786752606785067000,macmini-m2-macos26.5.2-rust1.97.1-aarch64-20260814,9d3ab807a08ef4cf1077dbc23213e2314ce37c87,MEASURED,1786752606786596000,cold_start,fresh_process_aegis,ML-DSA-65,first_domain_verify,transaction512,512,2,0,217917,261000,6864896,true,accepted_cache_miss,1,0,1952,0,3309,0,0,0,0,0,first production-domain verification after verifier initialization
cold-51262-1786752606785067000,macmini-m2-macos26.5.2-rust1.97.1-aarch64-20260814,9d3ab807a08ef4cf1077dbc23213e2314ce37c87,MEASURED,1786752606788835000,cold_start,fresh_process_aegis,ML-DSA-65,second_domain_sign,transaction512,512,2,0,2232250,2177000,6881280,true,signed,1,0,1952,0,3309,0,0,0,0,0,warm process-local domain signature
cold-51262-1786752606785067000,macmini-m2-macos26.5.2-rust1.97.1-aarch64-20260814,9d3ab807a08ef4cf1077dbc23213e2314ce37c87,MEASURED,1786752606789058000,cold_start,fresh_process_aegis,ML-DSA-65,second_domain_verify,transaction512,512,2,0,216417,222000,7028736,true,accepted_cache_miss,1,0,1952,0,3309,0,0,0,0,0,warm process-local cache-miss verification
cold-51280-1786752606894726000,macmini-m2-macos26.5.2-rust1.97.1-aarch64-20260814,9d3ab807a08ef4cf1077dbc23213e2314ce37c87,MEASURED,1786752606895798000,cold_start,fresh_process_aegis,ML-DSA-65,first_signer_initialize,transaction512,512,20,0,1068458,1069000,6455296,true,initialized,1,0,0,0,0,0,0,0,0,0,includes the process-local required ML-DSA-65 smoke check
cold-51280-1786752606894726000,macmini-m2-macos26.5.2-rust1.97.1-aarch64-20260814,9d3ab807a08ef4cf1077dbc23213e2314ce37c87,MEASURED,1786752606895907000,cold_start,fresh_process_aegis,ML-DSA-65,first_keygen_register,transaction512,512,20,0,104792,106000,6488064,true,registered,1,0,1952,0,0,0,0,0,0,0,ML-DSA-65 key generation plus Aegis lifecycle registration
cold-51280-1786752606894726000,macmini-m2-macos26.5.2-rust1.97.1-aarch64-20260814,9d3ab807a08ef4cf1077dbc23213e2314ce37c87,MEASURED,1786752606896096000,cold_start,fresh_process_aegis,ML-DSA-65,first_domain_sign,transaction512,512,20,0,185834,186000,6488064,true,signed,1,0,1952,0,3309,0,0,0,0,0,first production-domain signature after initialization
cold-51280-1786752606894726000,macmini-m2-macos26.5.2-rust1.97.1-aarch64-20260814,9d3ab807a08ef4cf1077dbc23213e2314ce37c87,MEASURED,1786752606896126000,cold_start,fresh_process_aegis,ML-DSA-65,first_verifier_initialize,transaction512,512,20,0,27459,31000,6668288,true,initialized,1,0,1952,0,0,0,0,0,0,0,includes the process-local required verifier smoke check and registry clone
cold-51280-1786752606894726000,macmini-m2-macos26.5.2-rust1.97.1-aarch64-20260814,9d3ab807a08ef4cf1077dbc23213e2314ce37c87,MEASURED,1786752606896270000,cold_start,fresh_process_aegis,ML-DSA-65,first_domain_verify,transaction512,512,20,0,138916,166000,6897664,true,accepted_cache_miss,1,0,1952,0,3309,0,0,0,0,0,first production-domain verification after verifier initialization
cold-51280-1786752606894726000,macmini-m2-macos26.5.2-rust1.97.1-aarch64-20260814,9d3ab807a08ef4cf1077dbc23213e2314ce37c87,MEASURED,1786752606896517000,cold_start,fresh_process_aegis,ML-DSA-65,second_domain_sign,transaction512,512,20,0,244333,245000,6897664,true,signed,1,0,1952,0,3309,0,0,0,0,0,warm process-local domain signature
cold-51280-1786752606894726000,macmini-m2-macos26.5.2-rust1.97.1-aarch64-20260814,9d3ab807a08ef4cf1077dbc23213e2314ce37c87,MEASURED,1786752606896642000,cold_start,fresh_process_aegis,ML-DSA-65,second_domain_verify,transaction512,512,20,0,121500,124000,7045120,true,accepted_cache_miss,1,0,1952,0,3309,0,0,0,0,0,warm process-local cache-miss verification
cold-51281-1786752606900606000,macmini-m2-macos26.5.2-rust1.97.1-aarch64-20260814,9d3ab807a08ef4cf1077dbc23213e2314ce37c87,MEASURED,1786752606900972000,cold_start,fresh_process_aegis,ML-DSA-65,first_signer_initialize,transaction512,512,21,0,361250,362000,6471680,true,initialized,1,0,0,0,0,0,0,0,0,0,includes the process-local required ML-DSA-65 smoke check
cold-51281-1786752606900606000,macmini-m2-macos26.5.2-rust1.97.1-aarch64-20260814,9d3ab807a08ef4cf1077dbc23213e2314ce37c87,MEASURED,1786752606901079000,cold_start,fresh_process_aegis,ML-DSA-65,first_keygen_register,transaction512,512,21,0,103291,104000,6488064,true,registered,1,0,1952,0,0,0,0,0,0,0,ML-DSA-65 key generation plus Aegis lifecycle registration
cold-51281-1786752606900606000,macmini-m2-macos26.5.2-rust1.97.1-aarch64-20260814,9d3ab807a08ef4cf1077dbc23213e2314ce37c87,MEASURED,1786752606901672000,cold_start,fresh_process_aegis,ML-DSA-65,first_domain_sign,transaction512,512,21,0,589709,590000,6488064,true,signed,1,0,1952,0,3309,0,0,0,0,0,first production-domain signature after initialization
cold-51281-1786752606900606000,macmini-m2-macos26.5.2-rust1.97.1-aarch64-20260814,9d3ab807a08ef4cf1077dbc23213e2314ce37c87,MEASURED,1786752606901700000,cold_start,fresh_process_aegis,ML-DSA-65,first_verifier_initialize,transaction512,512,21,0,24917,28000,6635520,true,initialized,1,0,1952,0,0,0,0,0,0,0,includes the process-local required verifier smoke check and registry clone
cold-51281-1786752606900606000,macmini-m2-macos26.5.2-rust1.97.1-aarch64-20260814,9d3ab807a08ef4cf1077dbc23213e2314ce37c87,MEASURED,1786752606901844000,cold_start,fresh_process_aegis,ML-DSA-65,first_domain_verify,transaction512,512,21,0,140292,170000,6881280,true,accepted_cache_miss,1,0,1952,0,3309,0,0,0,0,0,first production-domain verification after verifier initialization
cold-51281-1786752606900606000,macmini-m2-macos26.5.2-rust1.97.1-aarch64-20260814,9d3ab807a08ef4cf1077dbc23213e2314ce37c87,MEASURED,1786752606902204000,cold_start,fresh_process_aegis,ML-DSA-65,second_domain_sign,transaction512,512,21,0,357291,357000,6881280,true,signed,1,0,1952,0,3309,0,0,0,0,0,warm process-local domain signature
cold-51281-1786752606900606000,macmini-m2-macos26.5.2-rust1.97.1-aarch64-20260814,9d3ab807a08ef4cf1077dbc23213e2314ce37c87,MEASURED,1786752606902344000,cold_start,fresh_process_aegis,ML-DSA-65,second_domain_verify,transaction512,512,21,0,134875,139000,7045120,true,accepted_cache_miss,1,0,1952,0,3309,0,0,0,0,0,warm process-local cache-miss verification
cold-51282-1786752606906040000,macmini-m2-macos26.5.2-rust1.97.1-aarch64-20260814,9d3ab807a08ef4cf1077dbc23213e2314ce37c87,MEASURED,1786752606906430000,cold_start,fresh_process_aegis,ML-DSA-65,first_signer_initialize,transaction512,512,22,0,382750,384000,6455296,true,initialized,1,0,0,0,0,0,0,0,0,0,includes the process-local required ML-DSA-65 smoke check
cold-51282-1786752606906040000,macmini-m2-macos26.5.2-rust1.97.1-aarch64-20260814,9d3ab807a08ef4cf1077dbc23213e2314ce37c87,MEASURED,1786752606906545000,cold_start,fresh_process_aegis,ML-DSA-65,first_keygen_register,transaction512,512,22,0,110958,112000,6471680,true,registered,1,0,1952,0,0,0,0,0,0,0,ML-DSA-65 key generation plus Aegis lifecycle registration
cold-51282-1786752606906040000,macmini-m2-macos26.5.2-rust1.97.1-aarch64-20260814,9d3ab807a08ef4cf1077dbc23213e2314ce37c87,MEASURED,1786752606906984000,cold_start,fresh_process_aegis,ML-DSA-65,first_domain_sign,transaction512,512,22,0,432667,433000,6471680,true,signed,1,0,1952,0,3309,0,0,0,0,0,first production-domain signature after initialization
cold-51282-1786752606906040000,macmini-m2-macos26.5.2-rust1.97.1-aarch64-20260814,9d3ab807a08ef4cf1077dbc23213e2314ce37c87,MEASURED,1786752606907013000,cold_start,fresh_process_aegis,ML-DSA-65,first_verifier_initialize,transaction512,512,22,0,26709,31000,6635520,true,initialized,1,0,1952,0,0,0,0,0,0,0,includes the process-local required verifier smoke check and registry clone
cold-51282-1786752606906040000,macmini-m2-macos26.5.2-rust1.97.1-aarch64-20260814,9d3ab807a08ef4cf1077dbc23213e2314ce37c87,MEASURED,1786752606907158000,cold_start,fresh_process_aegis,ML-DSA-65,first_domain_verify,transaction512,512,22,0,140208,174000,6864896,true,accepted_cache_miss,1,0,1952,0,3309,0,0,0,0,0,first production-domain verification after verifier initialization
cold-51282-1786752606906040000,macmini-m2-macos26.5.2-rust1.97.1-aarch64-20260814,9d3ab807a08ef4cf1077dbc23213e2314ce37c87,MEASURED,1786752606907316000,cold_start,fresh_process_aegis,ML-DSA-65,second_domain_sign,transaction512,512,22,0,153834,155000,6881280,true,signed,1,0,1952,0,3309,0,0,0,0,0,warm process-local domain signature
cold-51282-1786752606906040000,macmini-m2-macos26.5.2-rust1.97.1-aarch64-20260814,9d3ab807a08ef4cf1077dbc23213e2314ce37c87,MEASURED,1786752606907447000,cold_start,fresh_process_aegis,ML-DSA-65,second_domain_verify,transaction512,512,22,0,128208,130000,7028736,true,accepted_cache_miss,1,0,1952,0,3309,0,0,0,0,0,warm process-local cache-miss verification
cold-51283-1786752606911035000,macmini-m2-macos26.5.2-rust1.97.1-aarch64-20260814,9d3ab807a08ef4cf1077dbc23213e2314ce37c87,MEASURED,1786752606911509000,cold_start,fresh_process_aegis,ML-DSA-65,first_signer_initialize,transaction512,512,23,0,471084,471000,6455296,true,initialized,1,0,0,0,0,0,0,0,0,0,includes the process-local required ML-DSA-65 smoke check
cold-51283-1786752606911035000,macmini-m2-macos26.5.2-rust1.97.1-aarch64-20260814,9d3ab807a08ef4cf1077dbc23213e2314ce37c87,MEASURED,1786752606911617000,cold_start,fresh_process_aegis,ML-DSA-65,first_keygen_register,transaction512,512,23,0,104166,105000,6471680,true,registered,1,0,1952,0,0,0,0,0,0,0,ML-DSA-65 key generation plus Aegis lifecycle registration
cold-51283-1786752606911035000,macmini-m2-macos26.5.2-rust1.97.1-aarch64-20260814,9d3ab807a08ef4cf1077dbc23213e2314ce37c87,MEASURED,1786752606912074000,cold_start,fresh_process_aegis,ML-DSA-65,first_domain_sign,transaction512,512,23,0,453458,453000,6471680,true,signed,1,0,1952,0,3309,0,0,0,0,0,first production-domain signature after initialization
cold-51283-1786752606911035000,macmini-m2-macos26.5.2-rust1.97.1-aarch64-20260814,9d3ab807a08ef4cf1077dbc23213e2314ce37c87,MEASURED,1786752606912104000,cold_start,fresh_process_aegis,ML-DSA-65,first_verifier_initialize,transaction512,512,23,0,26292,30000,6619136,true,initialized,1,0,1952,0,0,0,0,0,0,0,includes the process-local required verifier smoke check and registry clone
cold-51283-1786752606911035000,macmini-m2-macos26.5.2-rust1.97.1-aarch64-20260814,9d3ab807a08ef4cf1077dbc23213e2314ce37c87,MEASURED,1786752606912249000,cold_start,fresh_process_aegis,ML-DSA-65,first_domain_verify,transaction512,512,23,0,140833,167000,6864896,true,accepted_cache_miss,1,0,1952,0,3309,0,0,0,0,0,first production-domain verification after verifier initialization
cold-51283-1786752606911035000,macmini-m2-macos26.5.2-rust1.97.1-aarch64-20260814,9d3ab807a08ef4cf1077dbc23213e2314ce37c87,MEASURED,1786752606912457000,cold_start,fresh_process_aegis,ML-DSA-65,second_domain_sign,transaction512,512,23,0,204125,204000,6864896,true,signed,1,0,1952,0,3309,0,0,0,0,0,warm process-local domain signature
cold-51283-1786752606911035000,macmini-m2-macos26.5.2-rust1.97.1-aarch64-20260814,9d3ab807a08ef4cf1077dbc23213e2314ce37c87,MEASURED,1786752606912596000,cold_start,fresh_process_aegis,ML-DSA-65,second_domain_verify,transaction512,512,23,0,135500,141000,7012352,true,accepted_cache_miss,1,0,1952,0,3309,0,0,0,0,0,warm process-local cache-miss verification
cold-51284-1786752606916153000,macmini-m2-macos26.5.2-rust1.97.1-aarch64-20260814,9d3ab807a08ef4cf1077dbc23213e2314ce37c87,MEASURED,1786752606916957000,cold_start,fresh_process_aegis,ML-DSA-65,first_signer_initialize,transaction512,512,24,0,801250,803000,6471680,true,initialized,1,0,0,0,0,0,0,0,0,0,includes the process-local required ML-DSA-65 smoke check
cold-51284-1786752606916153000,macmini-m2-macos26.5.2-rust1.97.1-aarch64-20260814,9d3ab807a08ef4cf1077dbc23213e2314ce37c87,MEASURED,1786752606917064000,cold_start,fresh_process_aegis,ML-DSA-65,first_keygen_register,transaction512,512,24,0,103250,104000,6488064,true,registered,1,0,1952,0,0,0,0,0,0,0,ML-DSA-65 key generation plus Aegis lifecycle registration
cold-51284-1786752606916153000,macmini-m2-macos26.5.2-rust1.97.1-aarch64-20260814,9d3ab807a08ef4cf1077dbc23213e2314ce37c87,MEASURED,1786752606917319000,cold_start,fresh_process_aegis,ML-DSA-65,first_domain_sign,transaction512,512,24,0,252083,252000,6488064,true,signed,1,0,1952,0,3309,0,0,0,0,0,first production-domain signature after initialization
cold-51284-1786752606916153000,macmini-m2-macos26.5.2-rust1.97.1-aarch64-20260814,9d3ab807a08ef4cf1077dbc23213e2314ce37c87,MEASURED,1786752606917348000,cold_start,fresh_process_aegis,ML-DSA-65,first_verifier_initialize,transaction512,512,24,0,24875,29000,6635520,true,initialized,1,0,1952,0,0,0,0,0,0,0,includes the process-local required verifier smoke check and registry clone
cold-51284-1786752606916153000,macmini-m2-macos26.5.2-rust1.97.1-aarch64-20260814,9d3ab807a08ef4cf1077dbc23213e2314ce37c87,MEASURED,1786752606917493000,cold_start,fresh_process_aegis,ML-DSA-65,first_domain_verify,transaction512,512,24,0,141292,169000,6881280,true,accepted_cache_miss,1,0,1952,0,3309,0,0,0,0,0,first production-domain verification after verifier initialization
cold-51284-1786752606916153000,macmini-m2-macos26.5.2-rust1.97.1-aarch64-20260814,9d3ab807a08ef4cf1077dbc23213e2314ce37c87,MEASURED,1786752606918236000,cold_start,fresh_process_aegis,ML-DSA-65,second_domain_sign,transaction512,512,24,0,739458,740000,6897664,true,signed,1,0,1952,0,3309,0,0,0,0,0,warm process-local domain signature
cold-51284-1786752606916153000,macmini-m2-macos26.5.2-rust1.97.1-aarch64-20260814,9d3ab807a08ef4cf1077dbc23213e2314ce37c87,MEASURED,1786752606918365000,cold_start,fresh_process_aegis,ML-DSA-65,second_domain_verify,transaction512,512,24,0,125583,128000,7045120,true,accepted_cache_miss,1,0,1952,0,3309,0,0,0,0,0,warm process-local cache-miss verification
cold-51285-1786752606922128000,macmini-m2-macos26.5.2-rust1.97.1-aarch64-20260814,9d3ab807a08ef4cf1077dbc23213e2314ce37c87,MEASURED,1786752606922532000,cold_start,fresh_process_aegis,ML-DSA-65,first_signer_initialize,transaction512,512,25,0,400709,402000,6455296,true,initialized,1,0,0,0,0,0,0,0,0,0,includes the process-local required ML-DSA-65 smoke check
cold-51285-1786752606922128000,macmini-m2-macos26.5.2-rust1.97.1-aarch64-20260814,9d3ab807a08ef4cf1077dbc23213e2314ce37c87,MEASURED,1786752606922640000,cold_start,fresh_process_aegis,ML-DSA-65,first_keygen_register,transaction512,512,25,0,103417,103000,6471680,true,registered,1,0,1952,0,0,0,0,0,0,0,ML-DSA-65 key generation plus Aegis lifecycle registration
cold-51285-1786752606922128000,macmini-m2-macos26.5.2-rust1.97.1-aarch64-20260814,9d3ab807a08ef4cf1077dbc23213e2314ce37c87,MEASURED,1786752606923020000,cold_start,fresh_process_aegis,ML-DSA-65,first_domain_sign,transaction512,512,25,0,377750,378000,6471680,true,signed,1,0,1952,0,3309,0,0,0,0,0,first production-domain signature after initialization
cold-51285-1786752606922128000,macmini-m2-macos26.5.2-rust1.97.1-aarch64-20260814,9d3ab807a08ef4cf1077dbc23213e2314ce37c87,MEASURED,1786752606923051000,cold_start,fresh_process_aegis,ML-DSA-65,first_verifier_initialize,transaction512,512,25,0,27500,32000,6635520,true,initialized,1,0,1952,0,0,0,0,0,0,0,includes the process-local required verifier smoke check and registry clone
cold-51285-1786752606922128000,macmini-m2-macos26.5.2-rust1.97.1-aarch64-20260814,9d3ab807a08ef4cf1077dbc23213e2314ce37c87,MEASURED,1786752606923194000,cold_start,fresh_process_aegis,ML-DSA-65,first_domain_verify,transaction512,512,25,0,138500,166000,6864896,true,accepted_cache_miss,1,0,1952,0,3309,0,0,0,0,0,first production-domain verification after verifier initialization
cold-51285-1786752606922128000,macmini-m2-macos26.5.2-rust1.97.1-aarch64-20260814,9d3ab807a08ef4cf1077dbc23213e2314ce37c87,MEASURED,1786752606923511000,cold_start,fresh_process_aegis,ML-DSA-65,second_domain_sign,transaction512,512,25,0,314125,314000,6881280,true,signed,1,0,1952,0,3309,0,0,0,0,0,warm process-local domain signature
cold-51285-1786752606922128000,macmini-m2-macos26.5.2-rust1.97.1-aarch64-20260814,9d3ab807a08ef4cf1077dbc23213e2314ce37c87,MEASURED,1786752606923647000,cold_start,fresh_process_aegis,ML-DSA-65,second_domain_verify,transaction512,512,25,0,133167,137000,7028736,true,accepted_cache_miss,1,0,1952,0,3309,0,0,0,0,0,warm process-local cache-miss verification
cold-51286-1786752606927288000,macmini-m2-macos26.5.2-rust1.97.1-aarch64-20260814,9d3ab807a08ef4cf1077dbc23213e2314ce37c87,MEASURED,1786752606927694000,cold_start,fresh_process_aegis,ML-DSA-65,first_signer_initialize,transaction512,512,26,0,402083,403000,6455296,true,initialized,1,0,0,0,0,0,0,0,0,0,includes the process-local required ML-DSA-65 smoke check
cold-51286-1786752606927288000,macmini-m2-macos26.5.2-rust1.97.1-aarch64-20260814,9d3ab807a08ef4cf1077dbc23213e2314ce37c87,MEASURED,1786752606927802000,cold_start,fresh_process_aegis,ML-DSA-65,first_keygen_register,transaction512,512,26,0,104584,106000,6488064,true,registered,1,0,1952,0,0,0,0,0,0,0,ML-DSA-65 key generation plus Aegis lifecycle registration
cold-51286-1786752606927288000,macmini-m2-macos26.5.2-rust1.97.1-aarch64-20260814,9d3ab807a08ef4cf1077dbc23213e2314ce37c87,MEASURED,1786752606928203000,cold_start,fresh_process_aegis,ML-DSA-65,first_domain_sign,transaction512,512,26,0,397958,399000,6488064,true,signed,1,0,1952,0,3309,0,0,0,0,0,first production-domain signature after initialization
cold-51286-1786752606927288000,macmini-m2-macos26.5.2-rust1.97.1-aarch64-20260814,9d3ab807a08ef4cf1077dbc23213e2314ce37c87,MEASURED,1786752606928232000,cold_start,fresh_process_aegis,ML-DSA-65,first_verifier_initialize,transaction512,512,26,0,25042,30000,6635520,true,initialized,1,0,1952,0,0,0,0,0,0,0,includes the process-local required verifier smoke check and registry clone
cold-51286-1786752606927288000,macmini-m2-macos26.5.2-rust1.97.1-aarch64-20260814,9d3ab807a08ef4cf1077dbc23213e2314ce37c87,MEASURED,1786752606928378000,cold_start,fresh_process_aegis,ML-DSA-65,first_domain_verify,transaction512,512,26,0,142833,170000,6881280,true,accepted_cache_miss,1,0,1952,0,3309,0,0,0,0,0,first production-domain verification after verifier initialization
cold-51286-1786752606927288000,macmini-m2-macos26.5.2-rust1.97.1-aarch64-20260814,9d3ab807a08ef4cf1077dbc23213e2314ce37c87,MEASURED,1786752606928772000,cold_start,fresh_process_aegis,ML-DSA-65,second_domain_sign,transaction512,512,26,0,390791,391000,6881280,true,signed,1,0,1952,0,3309,0,0,0,0,0,warm process-local domain signature
cold-51286-1786752606927288000,macmini-m2-macos26.5.2-rust1.97.1-aarch64-20260814,9d3ab807a08ef4cf1077dbc23213e2314ce37c87,MEASURED,1786752606928916000,cold_start,fresh_process_aegis,ML-DSA-65,second_domain_verify,transaction512,512,26,0,137416,143000,7045120,true,accepted_cache_miss,1,0,1952,0,3309,0,0,0,0,0,warm process-local cache-miss verification
cold-51287-1786752606932596000,macmini-m2-macos26.5.2-rust1.97.1-aarch64-20260814,9d3ab807a08ef4cf1077dbc23213e2314ce37c87,MEASURED,1786752606933855000,cold_start,fresh_process_aegis,ML-DSA-65,first_signer_initialize,transaction512,512,27,0,1254208,1246000,6455296,true,initialized,1,0,0,0,0,0,0,0,0,0,includes the process-local required ML-DSA-65 smoke check
cold-51287-1786752606932596000,macmini-m2-macos26.5.2-rust1.97.1-aarch64-20260814,9d3ab807a08ef4cf1077dbc23213e2314ce37c87,MEASURED,1786752606933965000,cold_start,fresh_process_aegis,ML-DSA-65,first_keygen_register,transaction512,512,27,0,106542,107000,6488064,true,registered,1,0,1952,0,0,0,0,0,0,0,ML-DSA-65 key generation plus Aegis lifecycle registration
cold-51287-1786752606932596000,macmini-m2-macos26.5.2-rust1.97.1-aarch64-20260814,9d3ab807a08ef4cf1077dbc23213e2314ce37c87,MEASURED,1786752606934382000,cold_start,fresh_process_aegis,ML-DSA-65,first_domain_sign,transaction512,512,27,0,413334,413000,6488064,true,signed,1,0,1952,0,3309,0,0,0,0,0,first production-domain signature after initialization
cold-51287-1786752606932596000,macmini-m2-macos26.5.2-rust1.97.1-aarch64-20260814,9d3ab807a08ef4cf1077dbc23213e2314ce37c87,MEASURED,1786752606934418000,cold_start,fresh_process_aegis,ML-DSA-65,first_verifier_initialize,transaction512,512,27,0,32875,41000,6635520,true,initialized,1,0,1952,0,0,0,0,0,0,0,includes the process-local required verifier smoke check and registry clone
cold-51287-1786752606932596000,macmini-m2-macos26.5.2-rust1.97.1-aarch64-20260814,9d3ab807a08ef4cf1077dbc23213e2314ce37c87,MEASURED,1786752606934571000,cold_start,fresh_process_aegis,ML-DSA-65,first_domain_verify,transaction512,512,27,0,149250,176000,6881280,true,accepted_cache_miss,1,0,1952,0,3309,0,0,0,0,0,first production-domain verification after verifier initialization
cold-51287-1786752606932596000,macmini-m2-macos26.5.2-rust1.97.1-aarch64-20260814,9d3ab807a08ef4cf1077dbc23213e2314ce37c87,MEASURED,1786752606934949000,cold_start,fresh_process_aegis,ML-DSA-65,second_domain_sign,transaction512,512,27,0,374417,374000,6881280,true,signed,1,0,1952,0,3309,0,0,0,0,0,warm process-local domain signature
cold-51287-1786752606932596000,macmini-m2-macos26.5.2-rust1.97.1-aarch64-20260814,9d3ab807a08ef4cf1077dbc23213e2314ce37c87,MEASURED,1786752606935089000,cold_start,fresh_process_aegis,ML-DSA-65,second_domain_verify,transaction512,512,27,0,137584,143000,7028736,true,accepted_cache_miss,1,0,1952,0,3309,0,0,0,0,0,warm process-local cache-miss verification
cold-51288-1786752606938737000,macmini-m2-macos26.5.2-rust1.97.1-aarch64-20260814,9d3ab807a08ef4cf1077dbc23213e2314ce37c87,MEASURED,1786752606939312000,cold_start,fresh_process_aegis,ML-DSA-65,first_signer_initialize,transaction512,512,28,0,571708,572000,6455296,true,initialized,1,0,0,0,0,0,0,0,0,0,includes the process-local required ML-DSA-65 smoke check
cold-51288-1786752606938737000,macmini-m2-macos26.5.2-rust1.97.1-aarch64-20260814,9d3ab807a08ef4cf1077dbc23213e2314ce37c87,MEASURED,1786752606939419000,cold_start,fresh_process_aegis,ML-DSA-65,first_keygen_register,transaction512,512,28,0,103500,103000,6471680,true,registered,1,0,1952,0,0,0,0,0,0,0,ML-DSA-65 key generation plus Aegis lifecycle registration
cold-51288-1786752606938737000,macmini-m2-macos26.5.2-rust1.97.1-aarch64-20260814,9d3ab807a08ef4cf1077dbc23213e2314ce37c87,MEASURED,1786752606939802000,cold_start,fresh_process_aegis,ML-DSA-65,first_domain_sign,transaction512,512,28,0,379416,379000,6471680,true,signed,1,0,1952,0,3309,0,0,0,0,0,first production-domain signature after initialization
cold-51288-1786752606938737000,macmini-m2-macos26.5.2-rust1.97.1-aarch64-20260814,9d3ab807a08ef4cf1077dbc23213e2314ce37c87,MEASURED,1786752606939829000,cold_start,fresh_process_aegis,ML-DSA-65,first_verifier_initialize,transaction512,512,28,0,24500,25000,6635520,true,initialized,1,0,1952,0,0,0,0,0,0,0,includes the process-local required verifier smoke check and registry clone
cold-51288-1786752606938737000,macmini-m2-macos26.5.2-rust1.97.1-aarch64-20260814,9d3ab807a08ef4cf1077dbc23213e2314ce37c87,MEASURED,1786752606939971000,cold_start,fresh_process_aegis,ML-DSA-65,first_domain_verify,transaction512,512,28,0,138042,169000,6864896,true,accepted_cache_miss,1,0,1952,0,3309,0,0,0,0,0,first production-domain verification after verifier initialization
cold-51288-1786752606938737000,macmini-m2-macos26.5.2-rust1.97.1-aarch64-20260814,9d3ab807a08ef4cf1077dbc23213e2314ce37c87,MEASURED,1786752606940190000,cold_start,fresh_process_aegis,ML-DSA-65,second_domain_sign,transaction512,512,28,0,215750,214000,6881280,true,signed,1,0,1952,0,3309,0,0,0,0,0,warm process-local domain signature
cold-51288-1786752606938737000,macmini-m2-macos26.5.2-rust1.97.1-aarch64-20260814,9d3ab807a08ef4cf1077dbc23213e2314ce37c87,MEASURED,1786752606940328000,cold_start,fresh_process_aegis,ML-DSA-65,second_domain_verify,transaction512,512,28,0,133250,138000,7028736,true,accepted_cache_miss,1,0,1952,0,3309,0,0,0,0,0,warm process-local cache-miss verification
cold-51289-1786752606944278000,macmini-m2-macos26.5.2-rust1.97.1-aarch64-20260814,9d3ab807a08ef4cf1077dbc23213e2314ce37c87,MEASURED,1786752606945295000,cold_start,fresh_process_aegis,ML-DSA-65,first_signer_initialize,transaction512,512,29,0,1013291,1015000,6455296,true,initialized,1,0,0,0,0,0,0,0,0,0,includes the process-local required ML-DSA-65 smoke check
cold-51289-1786752606944278000,macmini-m2-macos26.5.2-rust1.97.1-aarch64-20260814,9d3ab807a08ef4cf1077dbc23213e2314ce37c87,MEASURED,1786752606945403000,cold_start,fresh_process_aegis,ML-DSA-65,first_keygen_register,transaction512,512,29,0,103459,104000,6471680,true,registered,1,0,1952,0,0,0,0,0,0,0,ML-DSA-65 key generation plus Aegis lifecycle registration
cold-51289-1786752606944278000,macmini-m2-macos26.5.2-rust1.97.1-aarch64-20260814,9d3ab807a08ef4cf1077dbc23213e2314ce37c87,MEASURED,1786752606945760000,cold_start,fresh_process_aegis,ML-DSA-65,first_domain_sign,transaction512,512,29,0,354375,354000,6471680,true,signed,1,0,1952,0,3309,0,0,0,0,0,first production-domain signature after initialization
cold-51289-1786752606944278000,macmini-m2-macos26.5.2-rust1.97.1-aarch64-20260814,9d3ab807a08ef4cf1077dbc23213e2314ce37c87,MEASURED,1786752606945799000,cold_start,fresh_process_aegis,ML-DSA-65,first_verifier_initialize,transaction512,512,29,0,36041,41000,6635520,true,initialized,1,0,1952,0,0,0,0,0,0,0,includes the process-local required verifier smoke check and registry clone
cold-51289-1786752606944278000,macmini-m2-macos26.5.2-rust1.97.1-aarch64-20260814,9d3ab807a08ef4cf1077dbc23213e2314ce37c87,MEASURED,1786752606945947000,cold_start,fresh_process_aegis,ML-DSA-65,first_domain_verify,transaction512,512,29,0,143750,176000,6864896,true,accepted_cache_miss,1,0,1952,0,3309,0,0,0,0,0,first production-domain verification after verifier initialization
cold-51289-1786752606944278000,macmini-m2-macos26.5.2-rust1.97.1-aarch64-20260814,9d3ab807a08ef4cf1077dbc23213e2314ce37c87,MEASURED,1786752606946215000,cold_start,fresh_process_aegis,ML-DSA-65,second_domain_sign,transaction512,512,29,0,264792,266000,6881280,true,signed,1,0,1952,0,3309,0,0,0,0,0,warm process-local domain signature
cold-51289-1786752606944278000,macmini-m2-macos26.5.2-rust1.97.1-aarch64-20260814,9d3ab807a08ef4cf1077dbc23213e2314ce37c87,MEASURED,1786752606946343000,cold_start,fresh_process_aegis,ML-DSA-65,second_domain_verify,transaction512,512,29,0,125375,129000,7028736,true,accepted_cache_miss,1,0,1952,0,3309,0,0,0,0,0,warm process-local cache-miss verification
cold-51263-1786752606794837000,macmini-m2-macos26.5.2-rust1.97.1-aarch64-20260814,9d3ab807a08ef4cf1077dbc23213e2314ce37c87,MEASURED,1786752606795563000,cold_start,fresh_process_aegis,ML-DSA-65,first_signer_initialize,transaction512,512,3,0,719417,721000,6488064,true,initialized,1,0,0,0,0,0,0,0,0,0,includes the process-local required ML-DSA-65 smoke check
cold-51263-1786752606794837000,macmini-m2-macos26.5.2-rust1.97.1-aarch64-20260814,9d3ab807a08ef4cf1077dbc23213e2314ce37c87,MEASURED,1786752606795730000,cold_start,fresh_process_aegis,ML-DSA-65,first_keygen_register,transaction512,512,3,0,160583,160000,6504448,true,registered,1,0,1952,0,0,0,0,0,0,0,ML-DSA-65 key generation plus Aegis lifecycle registration
cold-51263-1786752606794837000,macmini-m2-macos26.5.2-rust1.97.1-aarch64-20260814,9d3ab807a08ef4cf1077dbc23213e2314ce37c87,MEASURED,1786752606795952000,cold_start,fresh_process_aegis,ML-DSA-65,first_domain_sign,transaction512,512,3,0,217500,218000,6504448,true,signed,1,0,1952,0,3309,0,0,0,0,0,first production-domain signature after initialization
cold-51263-1786752606794837000,macmini-m2-macos26.5.2-rust1.97.1-aarch64-20260814,9d3ab807a08ef4cf1077dbc23213e2314ce37c87,MEASURED,1786752606795997000,cold_start,fresh_process_aegis,ML-DSA-65,first_verifier_initialize,transaction512,512,3,0,39583,46000,6668288,true,initialized,1,0,1952,0,0,0,0,0,0,0,includes the process-local required verifier smoke check and registry clone
cold-51263-1786752606794837000,macmini-m2-macos26.5.2-rust1.97.1-aarch64-20260814,9d3ab807a08ef4cf1077dbc23213e2314ce37c87,MEASURED,1786752606796203000,cold_start,fresh_process_aegis,ML-DSA-65,first_domain_verify,transaction512,512,3,0,200458,233000,6897664,true,accepted_cache_miss,1,0,1952,0,3309,0,0,0,0,0,first production-domain verification after verifier initialization
cold-51263-1786752606794837000,macmini-m2-macos26.5.2-rust1.97.1-aarch64-20260814,9d3ab807a08ef4cf1077dbc23213e2314ce37c87,MEASURED,1786752606796430000,cold_start,fresh_process_aegis,ML-DSA-65,second_domain_sign,transaction512,512,3,0,221792,223000,6914048,true,signed,1,0,1952,0,3309,0,0,0,0,0,warm process-local domain signature
cold-51263-1786752606794837000,macmini-m2-macos26.5.2-rust1.97.1-aarch64-20260814,9d3ab807a08ef4cf1077dbc23213e2314ce37c87,MEASURED,1786752606796620000,cold_start,fresh_process_aegis,ML-DSA-65,second_domain_verify,transaction512,512,3,0,185875,191000,7061504,true,accepted_cache_miss,1,0,1952,0,3309,0,0,0,0,0,warm process-local cache-miss verification
cold-51264-1786752606801989000,macmini-m2-macos26.5.2-rust1.97.1-aarch64-20260814,9d3ab807a08ef4cf1077dbc23213e2314ce37c87,MEASURED,1786752606802800000,cold_start,fresh_process_aegis,ML-DSA-65,first_signer_initialize,transaction512,512,4,0,804667,806000,6455296,true,initialized,1,0,0,0,0,0,0,0,0,0,includes the process-local required ML-DSA-65 smoke check
cold-51264-1786752606801989000,macmini-m2-macos26.5.2-rust1.97.1-aarch64-20260814,9d3ab807a08ef4cf1077dbc23213e2314ce37c87,MEASURED,1786752606802953000,cold_start,fresh_process_aegis,ML-DSA-65,first_keygen_register,transaction512,512,4,0,147416,148000,6471680,true,registered,1,0,1952,0,0,0,0,0,0,0,ML-DSA-65 key generation plus Aegis lifecycle registration
cold-51264-1786752606801989000,macmini-m2-macos26.5.2-rust1.97.1-aarch64-20260814,9d3ab807a08ef4cf1077dbc23213e2314ce37c87,MEASURED,1786752606803162000,cold_start,fresh_process_aegis,ML-DSA-65,first_domain_sign,transaction512,512,4,0,204750,205000,6471680,true,signed,1,0,1952,0,3309,0,0,0,0,0,first production-domain signature after initialization
cold-51264-1786752606801989000,macmini-m2-macos26.5.2-rust1.97.1-aarch64-20260814,9d3ab807a08ef4cf1077dbc23213e2314ce37c87,MEASURED,1786752606803207000,cold_start,fresh_process_aegis,ML-DSA-65,first_verifier_initialize,transaction512,512,4,0,40417,53000,6651904,true,initialized,1,0,1952,0,0,0,0,0,0,0,includes the process-local required verifier smoke check and registry clone
cold-51264-1786752606801989000,macmini-m2-macos26.5.2-rust1.97.1-aarch64-20260814,9d3ab807a08ef4cf1077dbc23213e2314ce37c87,MEASURED,1786752606803396000,cold_start,fresh_process_aegis,ML-DSA-65,first_domain_verify,transaction512,512,4,0,183625,212000,6881280,true,accepted_cache_miss,1,0,1952,0,3309,0,0,0,0,0,first production-domain verification after verifier initialization
cold-51264-1786752606801989000,macmini-m2-macos26.5.2-rust1.97.1-aarch64-20260814,9d3ab807a08ef4cf1077dbc23213e2314ce37c87,MEASURED,1786752606803607000,cold_start,fresh_process_aegis,ML-DSA-65,second_domain_sign,transaction512,512,4,0,205542,206000,6897664,true,signed,1,0,1952,0,3309,0,0,0,0,0,warm process-local domain signature
cold-51264-1786752606801989000,macmini-m2-macos26.5.2-rust1.97.1-aarch64-20260814,9d3ab807a08ef4cf1077dbc23213e2314ce37c87,MEASURED,1786752606803781000,cold_start,fresh_process_aegis,ML-DSA-65,second_domain_verify,transaction512,512,4,0,169291,173000,7045120,true,accepted_cache_miss,1,0,1952,0,3309,0,0,0,0,0,warm process-local cache-miss verification
cold-51265-1786752606808687000,macmini-m2-macos26.5.2-rust1.97.1-aarch64-20260814,9d3ab807a08ef4cf1077dbc23213e2314ce37c87,MEASURED,1786752606809321000,cold_start,fresh_process_aegis,ML-DSA-65,first_signer_initialize,transaction512,512,5,0,628000,629000,6455296,true,initialized,1,0,0,0,0,0,0,0,0,0,includes the process-local required ML-DSA-65 smoke check
cold-51265-1786752606808687000,macmini-m2-macos26.5.2-rust1.97.1-aarch64-20260814,9d3ab807a08ef4cf1077dbc23213e2314ce37c87,MEASURED,1786752606809467000,cold_start,fresh_process_aegis,ML-DSA-65,first_keygen_register,transaction512,512,5,0,139625,141000,6504448,true,registered,1,0,1952,0,0,0,0,0,0,0,ML-DSA-65 key generation plus Aegis lifecycle registration
cold-51265-1786752606808687000,macmini-m2-macos26.5.2-rust1.97.1-aarch64-20260814,9d3ab807a08ef4cf1077dbc23213e2314ce37c87,MEASURED,1786752606809731000,cold_start,fresh_process_aegis,ML-DSA-65,first_domain_sign,transaction512,512,5,0,259291,259000,6504448,true,signed,1,0,1952,0,3309,0,0,0,0,0,first production-domain signature after initialization
cold-51265-1786752606808687000,macmini-m2-macos26.5.2-rust1.97.1-aarch64-20260814,9d3ab807a08ef4cf1077dbc23213e2314ce37c87,MEASURED,1786752606809767000,cold_start,fresh_process_aegis,ML-DSA-65,first_verifier_initialize,transaction512,512,5,0,32000,33000,6651904,true,initialized,1,0,1952,0,0,0,0,0,0,0,includes the process-local required verifier smoke check and registry clone
cold-51265-1786752606808687000,macmini-m2-macos26.5.2-rust1.97.1-aarch64-20260814,9d3ab807a08ef4cf1077dbc23213e2314ce37c87,MEASURED,1786752606809951000,cold_start,fresh_process_aegis,ML-DSA-65,first_domain_verify,transaction512,512,5,0,179917,216000,6897664,true,accepted_cache_miss,1,0,1952,0,3309,0,0,0,0,0,first production-domain verification after verifier initialization
cold-51265-1786752606808687000,macmini-m2-macos26.5.2-rust1.97.1-aarch64-20260814,9d3ab807a08ef4cf1077dbc23213e2314ce37c87,MEASURED,1786752606810223000,cold_start,fresh_process_aegis,ML-DSA-65,second_domain_sign,transaction512,512,5,0,266167,266000,6930432,true,signed,1,0,1952,0,3309,0,0,0,0,0,warm process-local domain signature
cold-51265-1786752606808687000,macmini-m2-macos26.5.2-rust1.97.1-aarch64-20260814,9d3ab807a08ef4cf1077dbc23213e2314ce37c87,MEASURED,1786752606810387000,cold_start,fresh_process_aegis,ML-DSA-65,second_domain_verify,transaction512,512,5,0,160250,164000,7077888,true,accepted_cache_miss,1,0,1952,0,3309,0,0,0,0,0,warm process-local cache-miss verification
cold-51266-1786752606814951000,macmini-m2-macos26.5.2-rust1.97.1-aarch64-20260814,9d3ab807a08ef4cf1077dbc23213e2314ce37c87,MEASURED,1786752606815742000,cold_start,fresh_process_aegis,ML-DSA-65,first_signer_initialize,transaction512,512,6,0,784583,739000,6455296,true,initialized,1,0,0,0,0,0,0,0,0,0,includes the process-local required ML-DSA-65 smoke check
cold-51266-1786752606814951000,macmini-m2-macos26.5.2-rust1.97.1-aarch64-20260814,9d3ab807a08ef4cf1077dbc23213e2314ce37c87,MEASURED,1786752606815878000,cold_start,fresh_process_aegis,ML-DSA-65,first_keygen_register,transaction512,512,6,0,132041,132000,6471680,true,registered,1,0,1952,0,0,0,0,0,0,0,ML-DSA-65 key generation plus Aegis lifecycle registration
cold-51266-1786752606814951000,macmini-m2-macos26.5.2-rust1.97.1-aarch64-20260814,9d3ab807a08ef4cf1077dbc23213e2314ce37c87,MEASURED,1786752606817058000,cold_start,fresh_process_aegis,ML-DSA-65,first_domain_sign,transaction512,512,6,0,1176125,1178000,6471680,true,signed,1,0,1952,0,3309,0,0,0,0,0,first production-domain signature after initialization
cold-51266-1786752606814951000,macmini-m2-macos26.5.2-rust1.97.1-aarch64-20260814,9d3ab807a08ef4cf1077dbc23213e2314ce37c87,MEASURED,1786752606817093000,cold_start,fresh_process_aegis,ML-DSA-65,first_verifier_initialize,transaction512,512,6,0,31083,39000,6619136,true,initialized,1,0,1952,0,0,0,0,0,0,0,includes the process-local required verifier smoke check and registry clone
cold-51266-1786752606814951000,macmini-m2-macos26.5.2-rust1.97.1-aarch64-20260814,9d3ab807a08ef4cf1077dbc23213e2314ce37c87,MEASURED,1786752606817259000,cold_start,fresh_process_aegis,ML-DSA-65,first_domain_verify,transaction512,512,6,0,160417,183000,6864896,true,accepted_cache_miss,1,0,1952,0,3309,0,0,0,0,0,first production-domain verification after verifier initialization
cold-51266-1786752606814951000,macmini-m2-macos26.5.2-rust1.97.1-aarch64-20260814,9d3ab807a08ef4cf1077dbc23213e2314ce37c87,MEASURED,1786752606817780000,cold_start,fresh_process_aegis,ML-DSA-65,second_domain_sign,transaction512,512,6,0,516834,517000,6864896,true,signed,1,0,1952,0,3309,0,0,0,0,0,warm process-local domain signature
cold-51266-1786752606814951000,macmini-m2-macos26.5.2-rust1.97.1-aarch64-20260814,9d3ab807a08ef4cf1077dbc23213e2314ce37c87,MEASURED,1786752606817936000,cold_start,fresh_process_aegis,ML-DSA-65,second_domain_verify,transaction512,512,6,0,151083,155000,6995968,true,accepted_cache_miss,1,0,1952,0,3309,0,0,0,0,0,warm process-local cache-miss verification
cold-51267-1786752606822454000,macmini-m2-macos26.5.2-rust1.97.1-aarch64-20260814,9d3ab807a08ef4cf1077dbc23213e2314ce37c87,MEASURED,1786752606822886000,cold_start,fresh_process_aegis,ML-DSA-65,first_signer_initialize,transaction512,512,7,0,425792,427000,6455296,true,initialized,1,0,0,0,0,0,0,0,0,0,includes the process-local required ML-DSA-65 smoke check
cold-51267-1786752606822454000,macmini-m2-macos26.5.2-rust1.97.1-aarch64-20260814,9d3ab807a08ef4cf1077dbc23213e2314ce37c87,MEASURED,1786752606823017000,cold_start,fresh_process_aegis,ML-DSA-65,first_keygen_register,transaction512,512,7,0,124791,125000,6471680,true,registered,1,0,1952,0,0,0,0,0,0,0,ML-DSA-65 key generation plus Aegis lifecycle registration
cold-51267-1786752606822454000,macmini-m2-macos26.5.2-rust1.97.1-aarch64-20260814,9d3ab807a08ef4cf1077dbc23213e2314ce37c87,MEASURED,1786752606823311000,cold_start,fresh_process_aegis,ML-DSA-65,first_domain_sign,transaction512,512,7,0,290625,291000,6471680,true,signed,1,0,1952,0,3309,0,0,0,0,0,first production-domain signature after initialization
cold-51267-1786752606822454000,macmini-m2-macos26.5.2-rust1.97.1-aarch64-20260814,9d3ab807a08ef4cf1077dbc23213e2314ce37c87,MEASURED,1786752606823345000,cold_start,fresh_process_aegis,ML-DSA-65,first_verifier_initialize,transaction512,512,7,0,30625,35000,6635520,true,initialized,1,0,1952,0,0,0,0,0,0,0,includes the process-local required verifier smoke check and registry clone
cold-51267-1786752606822454000,macmini-m2-macos26.5.2-rust1.97.1-aarch64-20260814,9d3ab807a08ef4cf1077dbc23213e2314ce37c87,MEASURED,1786752606823501000,cold_start,fresh_process_aegis,ML-DSA-65,first_domain_verify,transaction512,512,7,0,151709,180000,6864896,true,accepted_cache_miss,1,0,1952,0,3309,0,0,0,0,0,first production-domain verification after verifier initialization
cold-51267-1786752606822454000,macmini-m2-macos26.5.2-rust1.97.1-aarch64-20260814,9d3ab807a08ef4cf1077dbc23213e2314ce37c87,MEASURED,1786752606823931000,cold_start,fresh_process_aegis,ML-DSA-65,second_domain_sign,transaction512,512,7,0,425125,426000,6881280,true,signed,1,0,1952,0,3309,0,0,0,0,0,warm process-local domain signature
cold-51267-1786752606822454000,macmini-m2-macos26.5.2-rust1.97.1-aarch64-20260814,9d3ab807a08ef4cf1077dbc23213e2314ce37c87,MEASURED,1786752606824081000,cold_start,fresh_process_aegis,ML-DSA-65,second_domain_verify,transaction512,512,7,0,146750,150000,7028736,true,accepted_cache_miss,1,0,1952,0,3309,0,0,0,0,0,warm process-local cache-miss verification
cold-51268-1786752606828367000,macmini-m2-macos26.5.2-rust1.97.1-aarch64-20260814,9d3ab807a08ef4cf1077dbc23213e2314ce37c87,MEASURED,1786752606829047000,cold_start,fresh_process_aegis,ML-DSA-65,first_signer_initialize,transaction512,512,8,0,676167,638000,6471680,true,initialized,1,0,0,0,0,0,0,0,0,0,includes the process-local required ML-DSA-65 smoke check
cold-51268-1786752606828367000,macmini-m2-macos26.5.2-rust1.97.1-aarch64-20260814,9d3ab807a08ef4cf1077dbc23213e2314ce37c87,MEASURED,1786752606829180000,cold_start,fresh_process_aegis,ML-DSA-65,first_keygen_register,transaction512,512,8,0,127625,125000,6488064,true,registered,1,0,1952,0,0,0,0,0,0,0,ML-DSA-65 key generation plus Aegis lifecycle registration
cold-51268-1786752606828367000,macmini-m2-macos26.5.2-rust1.97.1-aarch64-20260814,9d3ab807a08ef4cf1077dbc23213e2314ce37c87,MEASURED,1786752606829505000,cold_start,fresh_process_aegis,ML-DSA-65,first_domain_sign,transaction512,512,8,0,319625,305000,6488064,true,signed,1,0,1952,0,3309,0,0,0,0,0,first production-domain signature after initialization
cold-51268-1786752606828367000,macmini-m2-macos26.5.2-rust1.97.1-aarch64-20260814,9d3ab807a08ef4cf1077dbc23213e2314ce37c87,MEASURED,1786752606829538000,cold_start,fresh_process_aegis,ML-DSA-65,first_verifier_initialize,transaction512,512,8,0,29333,39000,6684672,true,initialized,1,0,1952,0,0,0,0,0,0,0,includes the process-local required verifier smoke check and registry clone
cold-51268-1786752606828367000,macmini-m2-macos26.5.2-rust1.97.1-aarch64-20260814,9d3ab807a08ef4cf1077dbc23213e2314ce37c87,MEASURED,1786752606829690000,cold_start,fresh_process_aegis,ML-DSA-65,first_domain_verify,transaction512,512,8,0,148208,160000,6881280,true,accepted_cache_miss,1,0,1952,0,3309,0,0,0,0,0,first production-domain verification after verifier initialization
cold-51268-1786752606828367000,macmini-m2-macos26.5.2-rust1.97.1-aarch64-20260814,9d3ab807a08ef4cf1077dbc23213e2314ce37c87,MEASURED,1786752606829924000,cold_start,fresh_process_aegis,ML-DSA-65,second_domain_sign,transaction512,512,8,0,230167,231000,6881280,true,signed,1,0,1952,0,3309,0,0,0,0,0,warm process-local domain signature
cold-51268-1786752606828367000,macmini-m2-macos26.5.2-rust1.97.1-aarch64-20260814,9d3ab807a08ef4cf1077dbc23213e2314ce37c87,MEASURED,1786752606830065000,cold_start,fresh_process_aegis,ML-DSA-65,second_domain_verify,transaction512,512,8,0,137542,140000,7012352,true,accepted_cache_miss,1,0,1952,0,3309,0,0,0,0,0,warm process-local cache-miss verification
cold-51269-1786752606834210000,macmini-m2-macos26.5.2-rust1.97.1-aarch64-20260814,9d3ab807a08ef4cf1077dbc23213e2314ce37c87,MEASURED,1786752606834626000,cold_start,fresh_process_aegis,ML-DSA-65,first_signer_initialize,transaction512,512,9,0,410583,413000,6455296,true,initialized,1,0,0,0,0,0,0,0,0,0,includes the process-local required ML-DSA-65 smoke check
cold-51269-1786752606834210000,macmini-m2-macos26.5.2-rust1.97.1-aarch64-20260814,9d3ab807a08ef4cf1077dbc23213e2314ce37c87,MEASURED,1786752606834753000,cold_start,fresh_process_aegis,ML-DSA-65,first_keygen_register,transaction512,512,9,0,122459,122000,6471680,true,registered,1,0,1952,0,0,0,0,0,0,0,ML-DSA-65 key generation plus Aegis lifecycle registration
cold-51269-1786752606834210000,macmini-m2-macos26.5.2-rust1.97.1-aarch64-20260814,9d3ab807a08ef4cf1077dbc23213e2314ce37c87,MEASURED,1786752606835087000,cold_start,fresh_process_aegis,ML-DSA-65,first_domain_sign,transaction512,512,9,0,331500,332000,6471680,true,signed,1,0,1952,0,3309,0,0,0,0,0,first production-domain signature after initialization
cold-51269-1786752606834210000,macmini-m2-macos26.5.2-rust1.97.1-aarch64-20260814,9d3ab807a08ef4cf1077dbc23213e2314ce37c87,MEASURED,1786752606835122000,cold_start,fresh_process_aegis,ML-DSA-65,first_verifier_initialize,transaction512,512,9,0,30750,36000,6635520,true,initialized,1,0,1952,0,0,0,0,0,0,0,includes the process-local required verifier smoke check and registry clone
cold-51269-1786752606834210000,macmini-m2-macos26.5.2-rust1.97.1-aarch64-20260814,9d3ab807a08ef4cf1077dbc23213e2314ce37c87,MEASURED,1786752606835260000,cold_start,fresh_process_aegis,ML-DSA-65,first_domain_verify,transaction512,512,9,0,135125,165000,6864896,true,accepted_cache_miss,1,0,1952,0,3309,0,0,0,0,0,first production-domain verification after verifier initialization
cold-51269-1786752606834210000,macmini-m2-macos26.5.2-rust1.97.1-aarch64-20260814,9d3ab807a08ef4cf1077dbc23213e2314ce37c87,MEASURED,1786752606835788000,cold_start,fresh_process_aegis,ML-DSA-65,second_domain_sign,transaction512,512,9,0,523875,524000,6881280,true,signed,1,0,1952,0,3309,0,0,0,0,0,warm process-local domain signature
cold-51269-1786752606834210000,macmini-m2-macos26.5.2-rust1.97.1-aarch64-20260814,9d3ab807a08ef4cf1077dbc23213e2314ce37c87,MEASURED,1786752606835935000,cold_start,fresh_process_aegis,ML-DSA-65,second_domain_verify,transaction512,512,9,0,144666,147000,7028736,true,accepted_cache_miss,1,0,1952,0,3309,0,0,0,0,0,warm process-local cache-miss verification
