classification,suite,layer,algorithm,operation,payload_profile,message_bytes,n,valid_n,valid_fraction,mean_wall_ns,median_wall_ns,stdev_wall_ns,cv_wall,min_wall_ns,p50_wall_ns,p90_wall_ns,p95_wall_ns,p99_wall_ns,max_wall_ns,median_ci95_low_ns,median_ci95_high_ns,mean_cpu_ns,total_work_units,throughput_ops_per_second,mad_outlier_count,outlier_policy,max_rss_bytes,public_key_bytes,private_key_bytes,signature_bytes_min,signature_bytes_median,signature_bytes_max,ciphertext_bytes,shared_secret_bytes,unsigned_serialized_bytes,serialized_bytes,authentication_bytes,item_count,results
MEASURED,aegis,aegis_domain_wrapper_block,ML-DSA-65,sign_domain,block4096,4096,1,1,1.0,711458.0,711458.0,0.0,0.0,711458.0,711458.0,711458.0,711458.0,711458.0,711458.0,711458.0,711458.0,713000.0,1,1405.5643481414222,0,retained_all_samples,48807936,0,0,3309,3309,3309,0,0,0,0,0,0,domain_signature_generated
MEASURED,aegis,aegis_domain_wrapper_block,ML-DSA-65,sign_domain,digest32,32,1,1,1.0,544125.0,544125.0,0.0,0.0,544125.0,544125.0,544125.0,544125.0,544125.0,544125.0,544125.0,544125.0,547000.0,1,1837.813002526993,0,retained_all_samples,48660480,0,0,3309,3309,3309,0,0,0,0,0,0,domain_signature_generated
MEASURED,aegis,aegis_domain_wrapper_block,ML-DSA-65,sign_domain,kilobyte1024,1024,1,1,1.0,276209.0,276209.0,0.0,0.0,276209.0,276209.0,276209.0,276209.0,276209.0,276209.0,276209.0,276209.0,277000.0,1,3620.4468355484432,0,retained_all_samples,48791552,0,0,3309,3309,3309,0,0,0,0,0,0,domain_signature_generated
MEASURED,aegis,aegis_domain_wrapper_block,ML-DSA-65,sign_domain,large16384,16384,1,1,1.0,350458.0,350458.0,0.0,0.0,350458.0,350458.0,350458.0,350458.0,350458.0,350458.0,350458.0,350458.0,348000.0,1,2853.4089676937037,0,retained_all_samples,48906240,0,0,3309,3309,3309,0,0,0,0,0,0,domain_signature_generated
MEASURED,aegis,aegis_domain_wrapper_block,ML-DSA-65,sign_domain,medium256,256,1,1,1.0,421583.0,421583.0,0.0,0.0,421583.0,421583.0,421583.0,421583.0,421583.0,421583.0,421583.0,421583.0,417000.0,1,2372.012154190278,0,retained_all_samples,48775168,0,0,3309,3309,3309,0,0,0,0,0,0,domain_signature_generated
MEASURED,aegis,aegis_domain_wrapper_block,ML-DSA-65,sign_domain,small128,128,1,1,1.0,1281875.0,1281875.0,0.0,0.0,1281875.0,1281875.0,1281875.0,1281875.0,1281875.0,1281875.0,1281875.0,1281875.0,1260000.0,1,780.1072647489029,0,retained_all_samples,48742400,0,0,3309,3309,3309,0,0,0,0,0,0,domain_signature_generated
MEASURED,aegis,aegis_domain_wrapper_block,ML-DSA-65,sign_domain,small64,64,1,1,1.0,147208.0,147208.0,0.0,0.0,147208.0,147208.0,147208.0,147208.0,147208.0,147208.0,147208.0,147208.0,148000.0,1,6793.10907015923,0,retained_all_samples,48742400,0,0,3309,3309,3309,0,0,0,0,0,0,domain_signature_generated
MEASURED,aegis,aegis_domain_wrapper_block,ML-DSA-65,sign_domain,transaction512,512,1,1,1.0,247125.0,247125.0,0.0,0.0,247125.0,247125.0,247125.0,247125.0,247125.0,247125.0,247125.0,247125.0,247000.0,1,4046.535154274153,0,retained_all_samples,48775168,0,0,3309,3309,3309,0,0,0,0,0,0,domain_signature_generated
MEASURED,aegis,aegis_domain_wrapper_block,ML-DSA-65,sign_domain,vote192,192,1,1,1.0,162875.0,162875.0,0.0,0.0,162875.0,162875.0,162875.0,162875.0,162875.0,162875.0,162875.0,162875.0,160000.0,1,6139.677666922486,0,retained_all_samples,48742400,0,0,3309,3309,3309,0,0,0,0,0,0,domain_signature_generated
MEASURED,aegis,aegis_domain_wrapper_block,ML-DSA-65,verify_cache_hit,block4096,4096,1,1,1.0,15041.0,15041.0,0.0,0.0,15041.0,15041.0,15041.0,15041.0,15041.0,15041.0,15041.0,15041.0,16000.0,1,66484.94116082707,0,retained_all_samples,48824320,0,0,3309,3309,3309,0,0,0,0,0,0,accepted_cache_hit
MEASURED,aegis,aegis_domain_wrapper_block,ML-DSA-65,verify_cache_hit,digest32,32,1,1,1.0,11667.0,11667.0,0.0,0.0,11667.0,11667.0,11667.0,11667.0,11667.0,11667.0,11667.0,11667.0,11000.0,1,85711.83680466273,0,retained_all_samples,48709632,0,0,3309,3309,3309,0,0,0,0,0,0,accepted_cache_hit
MEASURED,aegis,aegis_domain_wrapper_block,ML-DSA-65,verify_cache_hit,kilobyte1024,1024,1,1,1.0,12250.0,12250.0,0.0,0.0,12250.0,12250.0,12250.0,12250.0,12250.0,12250.0,12250.0,12250.0,13000.0,1,81632.6530612245,0,retained_all_samples,48791552,0,0,3309,3309,3309,0,0,0,0,0,0,accepted_cache_hit
MEASURED,aegis,aegis_domain_wrapper_block,ML-DSA-65,verify_cache_hit,large16384,16384,1,1,1.0,35250.0,35250.0,0.0,0.0,35250.0,35250.0,35250.0,35250.0,35250.0,35250.0,35250.0,35250.0,36000.0,1,28368.794326241135,0,retained_all_samples,48922624,0,0,3309,3309,3309,0,0,0,0,0,0,accepted_cache_hit
MEASURED,aegis,aegis_domain_wrapper_block,ML-DSA-65,verify_cache_hit,medium256,256,1,1,1.0,11250.0,11250.0,0.0,0.0,11250.0,11250.0,11250.0,11250.0,11250.0,11250.0,11250.0,11250.0,12000.0,1,88888.88888888889,0,retained_all_samples,48775168,0,0,3309,3309,3309,0,0,0,0,0,0,accepted_cache_hit
MEASURED,aegis,aegis_domain_wrapper_block,ML-DSA-65,verify_cache_hit,small128,128,1,1,1.0,11750.0,11750.0,0.0,0.0,11750.0,11750.0,11750.0,11750.0,11750.0,11750.0,11750.0,11750.0,12000.0,1,85106.3829787234,0,retained_all_samples,48742400,0,0,3309,3309,3309,0,0,0,0,0,0,accepted_cache_hit
MEASURED,aegis,aegis_domain_wrapper_block,ML-DSA-65,verify_cache_hit,small64,64,1,1,1.0,17541.0,17541.0,0.0,0.0,17541.0,17541.0,17541.0,17541.0,17541.0,17541.0,17541.0,17541.0,18000.0,1,57009.292514679895,0,retained_all_samples,48742400,0,0,3309,3309,3309,0,0,0,0,0,0,accepted_cache_hit
MEASURED,aegis,aegis_domain_wrapper_block,ML-DSA-65,verify_cache_hit,transaction512,512,1,1,1.0,11667.0,11667.0,0.0,0.0,11667.0,11667.0,11667.0,11667.0,11667.0,11667.0,11667.0,11667.0,12000.0,1,85711.83680466273,0,retained_all_samples,48775168,0,0,3309,3309,3309,0,0,0,0,0,0,accepted_cache_hit
MEASURED,aegis,aegis_domain_wrapper_block,ML-DSA-65,verify_cache_hit,vote192,192,1,1,1.0,11000.0,11000.0,0.0,0.0,11000.0,11000.0,11000.0,11000.0,11000.0,11000.0,11000.0,11000.0,11000.0,1,90909.09090909091,0,retained_all_samples,48758784,0,0,3309,3309,3309,0,0,0,0,0,0,accepted_cache_hit
MEASURED,aegis,aegis_domain_wrapper_block,ML-DSA-65,verify_cache_miss,block4096,4096,1,1,1.0,172625.0,172625.0,0.0,0.0,172625.0,172625.0,172625.0,172625.0,172625.0,172625.0,172625.0,172625.0,160000.0,1,5792.903692976104,0,retained_all_samples,48824320,0,0,3309,3309,3309,0,0,0,0,0,0,accepted_cache_miss
MEASURED,aegis,aegis_domain_wrapper_block,ML-DSA-65,verify_cache_miss,digest32,32,1,1,1.0,150500.0,150500.0,0.0,0.0,150500.0,150500.0,150500.0,150500.0,150500.0,150500.0,150500.0,150500.0,155000.0,1,6644.518272425249,0,retained_all_samples,48709632,0,0,3309,3309,3309,0,0,0,0,0,0,accepted_cache_miss
MEASURED,aegis,aegis_domain_wrapper_block,ML-DSA-65,verify_cache_miss,kilobyte1024,1024,1,1,1.0,121125.0,121125.0,0.0,0.0,121125.0,121125.0,121125.0,121125.0,121125.0,121125.0,121125.0,121125.0,125000.0,1,8255.93395252838,0,retained_all_samples,48791552,0,0,3309,3309,3309,0,0,0,0,0,0,accepted_cache_miss
MEASURED,aegis,aegis_domain_wrapper_block,ML-DSA-65,verify_cache_miss,large16384,16384,1,1,1.0,207459.0,207459.0,0.0,0.0,207459.0,207459.0,207459.0,207459.0,207459.0,207459.0,207459.0,207459.0,212000.0,1,4820.229539330663,0,retained_all_samples,48922624,0,0,3309,3309,3309,0,0,0,0,0,0,accepted_cache_miss
MEASURED,aegis,aegis_domain_wrapper_block,ML-DSA-65,verify_cache_miss,medium256,256,1,1,1.0,122459.0,122459.0,0.0,0.0,122459.0,122459.0,122459.0,122459.0,122459.0,122459.0,122459.0,122459.0,126000.0,1,8165.998415796307,0,retained_all_samples,48775168,0,0,3309,3309,3309,0,0,0,0,0,0,accepted_cache_miss
MEASURED,aegis,aegis_domain_wrapper_block,ML-DSA-65,verify_cache_miss,small128,128,1,1,1.0,125416.0,125416.0,0.0,0.0,125416.0,125416.0,125416.0,125416.0,125416.0,125416.0,125416.0,125416.0,132000.0,1,7973.464310773745,0,retained_all_samples,48742400,0,0,3309,3309,3309,0,0,0,0,0,0,accepted_cache_miss
MEASURED,aegis,aegis_domain_wrapper_block,ML-DSA-65,verify_cache_miss,small64,64,1,1,1.0,130042.0,130042.0,0.0,0.0,130042.0,130042.0,130042.0,130042.0,130042.0,130042.0,130042.0,130042.0,127000.0,1,7689.823287860845,0,retained_all_samples,48742400,0,0,3309,3309,3309,0,0,0,0,0,0,accepted_cache_miss
MEASURED,aegis,aegis_domain_wrapper_block,ML-DSA-65,verify_cache_miss,transaction512,512,1,1,1.0,133208.0,133208.0,0.0,0.0,133208.0,133208.0,133208.0,133208.0,133208.0,133208.0,133208.0,133208.0,143000.0,1,7507.056633235241,0,retained_all_samples,48775168,0,0,3309,3309,3309,0,0,0,0,0,0,accepted_cache_miss
MEASURED,aegis,aegis_domain_wrapper_block,ML-DSA-65,verify_cache_miss,vote192,192,1,1,1.0,119291.0,119291.0,0.0,0.0,119291.0,119291.0,119291.0,119291.0,119291.0,119291.0,119291.0,119291.0,126000.0,1,8382.86207677025,0,retained_all_samples,48758784,0,0,3309,3309,3309,0,0,0,0,0,0,accepted_cache_miss
MEASURED,aegis,aegis_domain_wrapper_p2p,FN-DSA-1024,sign_domain,block4096,4096,1,1,1.0,6313042.0,6313042.0,0.0,0.0,6313042.0,6313042.0,6313042.0,6313042.0,6313042.0,6313042.0,6313042.0,6313042.0,6299000.0,1,158.40224094818313,0,retained_all_samples,49233920,0,0,1274,1274,1274,0,0,0,0,0,0,domain_signature_generated
MEASURED,aegis,aegis_domain_wrapper_p2p,FN-DSA-1024,sign_domain,digest32,32,1,1,1.0,6710958.0,6710958.0,0.0,0.0,6710958.0,6710958.0,6710958.0,6710958.0,6710958.0,6710958.0,6710958.0,6710958.0,6592000.0,1,149.0100221160675,0,retained_all_samples,49233920,0,0,1266,1266,1266,0,0,0,0,0,0,domain_signature_generated
MEASURED,aegis,aegis_domain_wrapper_p2p,FN-DSA-1024,sign_domain,kilobyte1024,1024,1,1,1.0,6594042.0,6594042.0,0.0,0.0,6594042.0,6594042.0,6594042.0,6594042.0,6594042.0,6594042.0,6594042.0,6594042.0,6495000.0,1,151.65205195841943,0,retained_all_samples,49233920,0,0,1265,1265,1265,0,0,0,0,0,0,domain_signature_generated
MEASURED,aegis,aegis_domain_wrapper_p2p,FN-DSA-1024,sign_domain,large16384,16384,1,1,1.0,7135709.0,7135709.0,0.0,0.0,7135709.0,7135709.0,7135709.0,7135709.0,7135709.0,7135709.0,7135709.0,7135709.0,6945000.0,1,140.14024394772824,0,retained_all_samples,49233920,0,0,1267,1267,1267,0,0,0,0,0,0,domain_signature_generated
MEASURED,aegis,aegis_domain_wrapper_p2p,FN-DSA-1024,sign_domain,medium256,256,1,1,1.0,6946458.0,6946458.0,0.0,0.0,6946458.0,6946458.0,6946458.0,6946458.0,6946458.0,6946458.0,6946458.0,6946458.0,6786000.0,1,143.95825901488212,0,retained_all_samples,49233920,0,0,1273,1273,1273,0,0,0,0,0,0,domain_signature_generated
MEASURED,aegis,aegis_domain_wrapper_p2p,FN-DSA-1024,sign_domain,small128,128,1,1,1.0,16811459.0,16811459.0,0.0,0.0,16811459.0,16811459.0,16811459.0,16811459.0,16811459.0,16811459.0,16811459.0,16811459.0,8588000.0,1,59.48323699923962,0,retained_all_samples,49233920,0,0,1276,1276,1276,0,0,0,0,0,0,domain_signature_generated
MEASURED,aegis,aegis_domain_wrapper_p2p,FN-DSA-1024,sign_domain,small64,64,1,1,1.0,26775584.0,26775584.0,0.0,0.0,26775584.0,26775584.0,26775584.0,26775584.0,26775584.0,26775584.0,26775584.0,26775584.0,9662000.0,1,37.347458042371734,0,retained_all_samples,49233920,0,0,1264,1264,1264,0,0,0,0,0,0,domain_signature_generated
MEASURED,aegis,aegis_domain_wrapper_p2p,FN-DSA-1024,sign_domain,transaction512,512,1,1,1.0,6533458.0,6533458.0,0.0,0.0,6533458.0,6533458.0,6533458.0,6533458.0,6533458.0,6533458.0,6533458.0,6533458.0,6397000.0,1,153.05830388746665,0,retained_all_samples,49233920,0,0,1266,1266,1266,0,0,0,0,0,0,domain_signature_generated
MEASURED,aegis,aegis_domain_wrapper_p2p,FN-DSA-1024,sign_domain,vote192,192,1,1,1.0,6817208.0,6817208.0,0.0,0.0,6817208.0,6817208.0,6817208.0,6817208.0,6817208.0,6817208.0,6817208.0,6817208.0,6659000.0,1,146.6876175701255,0,retained_all_samples,49233920,0,0,1264,1264,1264,0,0,0,0,0,0,domain_signature_generated
MEASURED,aegis,aegis_domain_wrapper_p2p,FN-DSA-1024,verify_cache_hit,block4096,4096,1,1,1.0,12083.0,12083.0,0.0,0.0,12083.0,12083.0,12083.0,12083.0,12083.0,12083.0,12083.0,12083.0,13000.0,1,82760.90374906894,0,retained_all_samples,49233920,0,0,1273,1273,1273,0,0,0,0,0,0,accepted_cache_hit
MEASURED,aegis,aegis_domain_wrapper_p2p,FN-DSA-1024,verify_cache_hit,digest32,32,1,1,1.0,6208.0,6208.0,0.0,0.0,6208.0,6208.0,6208.0,6208.0,6208.0,6208.0,6208.0,6208.0,7000.0,1,161082.47422680413,0,retained_all_samples,49233920,0,0,1274,1274,1274,0,0,0,0,0,0,accepted_cache_hit
MEASURED,aegis,aegis_domain_wrapper_p2p,FN-DSA-1024,verify_cache_hit,kilobyte1024,1024,1,1,1.0,9333.0,9333.0,0.0,0.0,9333.0,9333.0,9333.0,9333.0,9333.0,9333.0,9333.0,9333.0,11000.0,1,107146.68381013608,0,retained_all_samples,49233920,0,0,1273,1273,1273,0,0,0,0,0,0,accepted_cache_hit
MEASURED,aegis,aegis_domain_wrapper_p2p,FN-DSA-1024,verify_cache_hit,large16384,16384,1,1,1.0,39791.0,39791.0,0.0,0.0,39791.0,39791.0,39791.0,39791.0,39791.0,39791.0,39791.0,39791.0,41000.0,1,25131.311100500112,0,retained_all_samples,49233920,0,0,1271,1271,1271,0,0,0,0,0,0,accepted_cache_hit
MEASURED,aegis,aegis_domain_wrapper_p2p,FN-DSA-1024,verify_cache_hit,medium256,256,1,1,1.0,8958.0,8958.0,0.0,0.0,8958.0,8958.0,8958.0,8958.0,8958.0,8958.0,8958.0,8958.0,10000.0,1,111632.06072784103,0,retained_all_samples,49233920,0,0,1268,1268,1268,0,0,0,0,0,0,accepted_cache_hit
MEASURED,aegis,aegis_domain_wrapper_p2p,FN-DSA-1024,verify_cache_hit,small128,128,1,1,1.0,8666.0,8666.0,0.0,0.0,8666.0,8666.0,8666.0,8666.0,8666.0,8666.0,8666.0,8666.0,10000.0,1,115393.49180706208,0,retained_all_samples,49233920,0,0,1270,1270,1270,0,0,0,0,0,0,accepted_cache_hit
MEASURED,aegis,aegis_domain_wrapper_p2p,FN-DSA-1024,verify_cache_hit,small64,64,1,1,1.0,8840083.0,8840083.0,0.0,0.0,8840083.0,8840083.0,8840083.0,8840083.0,8840083.0,8840083.0,8840083.0,8840083.0,33000.0,1,113.12110983573345,0,retained_all_samples,49233920,0,0,1268,1268,1268,0,0,0,0,0,0,accepted_cache_hit
MEASURED,aegis,aegis_domain_wrapper_p2p,FN-DSA-1024,verify_cache_hit,transaction512,512,1,1,1.0,9250.0,9250.0,0.0,0.0,9250.0,9250.0,9250.0,9250.0,9250.0,9250.0,9250.0,9250.0,10000.0,1,108108.1081081081,0,retained_all_samples,49233920,0,0,1266,1266,1266,0,0,0,0,0,0,accepted_cache_hit
MEASURED,aegis,aegis_domain_wrapper_p2p,FN-DSA-1024,verify_cache_hit,vote192,192,1,1,1.0,9542.0,9542.0,0.0,0.0,9542.0,9542.0,9542.0,9542.0,9542.0,9542.0,9542.0,9542.0,16000.0,1,104799.83232026828,0,retained_all_samples,49233920,0,0,1268,1268,1268,0,0,0,0,0,0,accepted_cache_hit
MEASURED,aegis,aegis_domain_wrapper_p2p,FN-DSA-1024,verify_cache_miss,block4096,4096,1,1,1.0,119417.0,119417.0,0.0,0.0,119417.0,119417.0,119417.0,119417.0,119417.0,119417.0,119417.0,119417.0,128000.0,1,8374.017099742918,0,retained_all_samples,49233920,0,0,1277,1277,1277,0,0,0,0,0,0,accepted_cache_miss
MEASURED,aegis,aegis_domain_wrapper_p2p,FN-DSA-1024,verify_cache_miss,digest32,32,1,1,1.0,98375.0,98375.0,0.0,0.0,98375.0,98375.0,98375.0,98375.0,98375.0,98375.0,98375.0,98375.0,105000.0,1,10165.184243964422,0,retained_all_samples,49233920,0,0,1270,1270,1270,0,0,0,0,0,0,accepted_cache_miss
MEASURED,aegis,aegis_domain_wrapper_p2p,FN-DSA-1024,verify_cache_miss,kilobyte1024,1024,1,1,1.0,119459.0,119459.0,0.0,0.0,119459.0,119459.0,119459.0,119459.0,119459.0,119459.0,119459.0,119459.0,124000.0,1,8371.072920416209,0,retained_all_samples,49233920,0,0,1271,1271,1271,0,0,0,0,0,0,accepted_cache_miss
MEASURED,aegis,aegis_domain_wrapper_p2p,FN-DSA-1024,verify_cache_miss,large16384,16384,1,1,1.0,359833.0,359833.0,0.0,0.0,359833.0,359833.0,359833.0,359833.0,359833.0,359833.0,359833.0,359833.0,341000.0,1,2779.0669560601723,0,retained_all_samples,49233920,0,0,1274,1274,1274,0,0,0,0,0,0,accepted_cache_miss
MEASURED,aegis,aegis_domain_wrapper_p2p,FN-DSA-1024,verify_cache_miss,medium256,256,1,1,1.0,113875.0,113875.0,0.0,0.0,113875.0,113875.0,113875.0,113875.0,113875.0,113875.0,113875.0,113875.0,121000.0,1,8781.558726673984,0,retained_all_samples,49233920,0,0,1275,1275,1275,0,0,0,0,0,0,accepted_cache_miss
MEASURED,aegis,aegis_domain_wrapper_p2p,FN-DSA-1024,verify_cache_miss,small128,128,1,1,1.0,106625.0,106625.0,0.0,0.0,106625.0,106625.0,106625.0,106625.0,106625.0,106625.0,106625.0,106625.0,114000.0,1,9378.663540445486,0,retained_all_samples,49233920,0,0,1272,1272,1272,0,0,0,0,0,0,accepted_cache_miss
MEASURED,aegis,aegis_domain_wrapper_p2p,FN-DSA-1024,verify_cache_miss,small64,64,1,1,1.0,1328083.0,1328083.0,0.0,0.0,1328083.0,1328083.0,1328083.0,1328083.0,1328083.0,1328083.0,1328083.0,1328083.0,207000.0,1,752.9649878810285,0,retained_all_samples,49233920,0,0,1269,1269,1269,0,0,0,0,0,0,accepted_cache_miss
MEASURED,aegis,aegis_domain_wrapper_p2p,FN-DSA-1024,verify_cache_miss,transaction512,512,1,1,1.0,111500.0,111500.0,0.0,0.0,111500.0,111500.0,111500.0,111500.0,111500.0,111500.0,111500.0,111500.0,119000.0,1,8968.609865470851,0,retained_all_samples,49233920,0,0,1273,1273,1273,0,0,0,0,0,0,accepted_cache_miss
MEASURED,aegis,aegis_domain_wrapper_p2p,FN-DSA-1024,verify_cache_miss,vote192,192,1,1,1.0,112000.0,112000.0,0.0,0.0,112000.0,112000.0,112000.0,112000.0,112000.0,112000.0,112000.0,112000.0,114000.0,1,8928.57142857143,0,retained_all_samples,49233920,0,0,1268,1268,1268,0,0,0,0,0,0,accepted_cache_miss
MEASURED,aegis,aegis_domain_wrapper_transaction,ML-DSA-65,sign_domain,block4096,4096,1,1,1.0,338042.0,338042.0,0.0,0.0,338042.0,338042.0,338042.0,338042.0,338042.0,338042.0,338042.0,338042.0,338000.0,1,2958.2122931470053,0,retained_all_samples,48955392,0,0,3309,3309,3309,0,0,0,0,0,0,domain_signature_generated
MEASURED,aegis,aegis_domain_wrapper_transaction,ML-DSA-65,sign_domain,digest32,32,1,1,1.0,426125.0,426125.0,0.0,0.0,426125.0,426125.0,426125.0,426125.0,426125.0,426125.0,426125.0,426125.0,426000.0,1,2346.7292461132297,0,retained_all_samples,48922624,0,0,3309,3309,3309,0,0,0,0,0,0,domain_signature_generated
MEASURED,aegis,aegis_domain_wrapper_transaction,ML-DSA-65,sign_domain,kilobyte1024,1024,1,1,1.0,437875.0,437875.0,0.0,0.0,437875.0,437875.0,437875.0,437875.0,437875.0,437875.0,437875.0,437875.0,438000.0,1,2283.7567799029403,0,retained_all_samples,48955392,0,0,3309,3309,3309,0,0,0,0,0,0,domain_signature_generated
MEASURED,aegis,aegis_domain_wrapper_transaction,ML-DSA-65,sign_domain,large16384,16384,1,1,1.0,859667.0,859667.0,0.0,0.0,859667.0,859667.0,859667.0,859667.0,859667.0,859667.0,859667.0,859667.0,861000.0,1,1163.2411154551705,0,retained_all_samples,48955392,0,0,3309,3309,3309,0,0,0,0,0,0,domain_signature_generated
MEASURED,aegis,aegis_domain_wrapper_transaction,ML-DSA-65,sign_domain,medium256,256,1,1,1.0,819208.0,819208.0,0.0,0.0,819208.0,819208.0,819208.0,819208.0,819208.0,819208.0,819208.0,819208.0,819000.0,1,1220.691204187459,0,retained_all_samples,48939008,0,0,3309,3309,3309,0,0,0,0,0,0,domain_signature_generated
MEASURED,aegis,aegis_domain_wrapper_transaction,ML-DSA-65,sign_domain,small128,128,1,1,1.0,1883042.0,1883042.0,0.0,0.0,1883042.0,1883042.0,1883042.0,1883042.0,1883042.0,1883042.0,1883042.0,1883042.0,1876000.0,1,531.0556004592569,0,retained_all_samples,48939008,0,0,3309,3309,3309,0,0,0,0,0,0,domain_signature_generated
MEASURED,aegis,aegis_domain_wrapper_transaction,ML-DSA-65,sign_domain,small64,64,1,1,1.0,408125.0,408125.0,0.0,0.0,408125.0,408125.0,408125.0,408125.0,408125.0,408125.0,408125.0,408125.0,411000.0,1,2450.229709035222,0,retained_all_samples,48939008,0,0,3309,3309,3309,0,0,0,0,0,0,domain_signature_generated
MEASURED,aegis,aegis_domain_wrapper_transaction,ML-DSA-65,sign_domain,transaction512,512,1,1,1.0,382334.0,382334.0,0.0,0.0,382334.0,382334.0,382334.0,382334.0,382334.0,382334.0,382334.0,382334.0,382000.0,1,2615.5141839334196,0,retained_all_samples,48955392,0,0,3309,3309,3309,0,0,0,0,0,0,domain_signature_generated
MEASURED,aegis,aegis_domain_wrapper_transaction,ML-DSA-65,sign_domain,vote192,192,1,1,1.0,1476500.0,1476500.0,0.0,0.0,1476500.0,1476500.0,1476500.0,1476500.0,1476500.0,1476500.0,1476500.0,1476500.0,1331000.0,1,677.2773450728073,0,retained_all_samples,48939008,0,0,3309,3309,3309,0,0,0,0,0,0,domain_signature_generated
MEASURED,aegis,aegis_domain_wrapper_transaction,ML-DSA-65,verify_cache_hit,block4096,4096,1,1,1.0,14625.0,14625.0,0.0,0.0,14625.0,14625.0,14625.0,14625.0,14625.0,14625.0,14625.0,14625.0,15000.0,1,68376.06837606838,0,retained_all_samples,48955392,0,0,3309,3309,3309,0,0,0,0,0,0,accepted_cache_hit
MEASURED,aegis,aegis_domain_wrapper_transaction,ML-DSA-65,verify_cache_hit,digest32,32,1,1,1.0,9667.0,9667.0,0.0,0.0,9667.0,9667.0,9667.0,9667.0,9667.0,9667.0,9667.0,9667.0,11000.0,1,103444.70880314472,0,retained_all_samples,48922624,0,0,3309,3309,3309,0,0,0,0,0,0,accepted_cache_hit
MEASURED,aegis,aegis_domain_wrapper_transaction,ML-DSA-65,verify_cache_hit,kilobyte1024,1024,1,1,1.0,13292.0,13292.0,0.0,0.0,13292.0,13292.0,13292.0,13292.0,13292.0,13292.0,13292.0,13292.0,14000.0,1,75233.22299127295,0,retained_all_samples,48955392,0,0,3309,3309,3309,0,0,0,0,0,0,accepted_cache_hit
MEASURED,aegis,aegis_domain_wrapper_transaction,ML-DSA-65,verify_cache_hit,large16384,16384,1,1,1.0,36125.0,36125.0,0.0,0.0,36125.0,36125.0,36125.0,36125.0,36125.0,36125.0,36125.0,36125.0,34000.0,1,27681.66089965398,0,retained_all_samples,48955392,0,0,3309,3309,3309,0,0,0,0,0,0,accepted_cache_hit
MEASURED,aegis,aegis_domain_wrapper_transaction,ML-DSA-65,verify_cache_hit,medium256,256,1,1,1.0,10875.0,10875.0,0.0,0.0,10875.0,10875.0,10875.0,10875.0,10875.0,10875.0,10875.0,10875.0,12000.0,1,91954.02298850575,0,retained_all_samples,48939008,0,0,3309,3309,3309,0,0,0,0,0,0,accepted_cache_hit
MEASURED,aegis,aegis_domain_wrapper_transaction,ML-DSA-65,verify_cache_hit,small128,128,1,1,1.0,9875.0,9875.0,0.0,0.0,9875.0,9875.0,9875.0,9875.0,9875.0,9875.0,9875.0,9875.0,10000.0,1,101265.82278481012,0,retained_all_samples,48939008,0,0,3309,3309,3309,0,0,0,0,0,0,accepted_cache_hit
MEASURED,aegis,aegis_domain_wrapper_transaction,ML-DSA-65,verify_cache_hit,small64,64,1,1,1.0,9833.0,9833.0,0.0,0.0,9833.0,9833.0,9833.0,9833.0,9833.0,9833.0,9833.0,9833.0,11000.0,1,101698.36265636123,0,retained_all_samples,48939008,0,0,3309,3309,3309,0,0,0,0,0,0,accepted_cache_hit
MEASURED,aegis,aegis_domain_wrapper_transaction,ML-DSA-65,verify_cache_hit,transaction512,512,1,1,1.0,9333.0,9333.0,0.0,0.0,9333.0,9333.0,9333.0,9333.0,9333.0,9333.0,9333.0,9333.0,11000.0,1,107146.68381013608,0,retained_all_samples,48955392,0,0,3309,3309,3309,0,0,0,0,0,0,accepted_cache_hit
MEASURED,aegis,aegis_domain_wrapper_transaction,ML-DSA-65,verify_cache_hit,vote192,192,1,1,1.0,10625.0,10625.0,0.0,0.0,10625.0,10625.0,10625.0,10625.0,10625.0,10625.0,10625.0,10625.0,11000.0,1,94117.64705882352,0,retained_all_samples,48939008,0,0,3309,3309,3309,0,0,0,0,0,0,accepted_cache_hit
MEASURED,aegis,aegis_domain_wrapper_transaction,ML-DSA-65,verify_cache_miss,block4096,4096,1,1,1.0,149250.0,149250.0,0.0,0.0,149250.0,149250.0,149250.0,149250.0,149250.0,149250.0,149250.0,149250.0,152000.0,1,6700.167504187605,0,retained_all_samples,48955392,0,0,3309,3309,3309,0,0,0,0,0,0,accepted_cache_miss
MEASURED,aegis,aegis_domain_wrapper_transaction,ML-DSA-65,verify_cache_miss,digest32,32,1,1,1.0,116000.0,116000.0,0.0,0.0,116000.0,116000.0,116000.0,116000.0,116000.0,116000.0,116000.0,116000.0,122000.0,1,8620.689655172413,0,retained_all_samples,48922624,0,0,3309,3309,3309,0,0,0,0,0,0,accepted_cache_miss
MEASURED,aegis,aegis_domain_wrapper_transaction,ML-DSA-65,verify_cache_miss,kilobyte1024,1024,1,1,1.0,128792.0,128792.0,0.0,0.0,128792.0,128792.0,128792.0,128792.0,128792.0,128792.0,128792.0,128792.0,133000.0,1,7764.457419715511,0,retained_all_samples,48955392,0,0,3309,3309,3309,0,0,0,0,0,0,accepted_cache_miss
MEASURED,aegis,aegis_domain_wrapper_transaction,ML-DSA-65,verify_cache_miss,large16384,16384,1,1,1.0,213625.0,213625.0,0.0,0.0,213625.0,213625.0,213625.0,213625.0,213625.0,213625.0,213625.0,213625.0,214000.0,1,4681.100058513751,0,retained_all_samples,48955392,0,0,3309,3309,3309,0,0,0,0,0,0,accepted_cache_miss
MEASURED,aegis,aegis_domain_wrapper_transaction,ML-DSA-65,verify_cache_miss,medium256,256,1,1,1.0,114500.0,114500.0,0.0,0.0,114500.0,114500.0,114500.0,114500.0,114500.0,114500.0,114500.0,114500.0,117000.0,1,8733.624454148472,0,retained_all_samples,48939008,0,0,3309,3309,3309,0,0,0,0,0,0,accepted_cache_miss
MEASURED,aegis,aegis_domain_wrapper_transaction,ML-DSA-65,verify_cache_miss,small128,128,1,1,1.0,118666.0,118666.0,0.0,0.0,118666.0,118666.0,118666.0,118666.0,118666.0,118666.0,118666.0,118666.0,125000.0,1,8427.013634908062,0,retained_all_samples,48939008,0,0,3309,3309,3309,0,0,0,0,0,0,accepted_cache_miss
MEASURED,aegis,aegis_domain_wrapper_transaction,ML-DSA-65,verify_cache_miss,small64,64,1,1,1.0,118500.0,118500.0,0.0,0.0,118500.0,118500.0,118500.0,118500.0,118500.0,118500.0,118500.0,118500.0,122000.0,1,8438.818565400843,0,retained_all_samples,48939008,0,0,3309,3309,3309,0,0,0,0,0,0,accepted_cache_miss
MEASURED,aegis,aegis_domain_wrapper_transaction,ML-DSA-65,verify_cache_miss,transaction512,512,1,1,1.0,119958.0,119958.0,0.0,0.0,119958.0,119958.0,119958.0,119958.0,119958.0,119958.0,119958.0,119958.0,124000.0,1,8336.25102119075,0,retained_all_samples,48955392,0,0,3309,3309,3309,0,0,0,0,0,0,accepted_cache_miss
MEASURED,aegis,aegis_domain_wrapper_transaction,ML-DSA-65,verify_cache_miss,vote192,192,1,1,1.0,142750.0,142750.0,0.0,0.0,142750.0,142750.0,142750.0,142750.0,142750.0,142750.0,142750.0,142750.0,148000.0,1,7005.253940455342,0,retained_all_samples,48939008,0,0,3309,3309,3309,0,0,0,0,0,0,accepted_cache_miss
MEASURED,aegis,aegis_domain_wrapper_transaction,ML-DSA-87,sign_domain,block4096,4096,1,1,1.0,314916.0,314916.0,0.0,0.0,314916.0,314916.0,314916.0,314916.0,314916.0,314916.0,314916.0,314916.0,316000.0,1,3175.4499612595105,0,retained_all_samples,49086464,0,0,4627,4627,4627,0,0,0,0,0,0,domain_signature_generated
MEASURED,aegis,aegis_domain_wrapper_transaction,ML-DSA-87,sign_domain,digest32,32,1,1,1.0,941750.0,941750.0,0.0,0.0,941750.0,941750.0,941750.0,941750.0,941750.0,941750.0,941750.0,941750.0,930000.0,1,1061.8529333687284,0,retained_all_samples,49086464,0,0,4627,4627,4627,0,0,0,0,0,0,domain_signature_generated
MEASURED,aegis,aegis_domain_wrapper_transaction,ML-DSA-87,sign_domain,kilobyte1024,1024,1,1,1.0,263959.0,263959.0,0.0,0.0,263959.0,263959.0,263959.0,263959.0,263959.0,263959.0,263959.0,263959.0,254000.0,1,3788.4671483071234,0,retained_all_samples,49086464,0,0,4627,4627,4627,0,0,0,0,0,0,domain_signature_generated
MEASURED,aegis,aegis_domain_wrapper_transaction,ML-DSA-87,sign_domain,large16384,16384,1,1,1.0,293666.0,293666.0,0.0,0.0,293666.0,293666.0,293666.0,293666.0,293666.0,293666.0,293666.0,293666.0,294000.0,1,3405.2290697595226,0,retained_all_samples,49102848,0,0,4627,4627,4627,0,0,0,0,0,0,domain_signature_generated
MEASURED,aegis,aegis_domain_wrapper_transaction,ML-DSA-87,sign_domain,medium256,256,1,1,1.0,473333.0,473333.0,0.0,0.0,473333.0,473333.0,473333.0,473333.0,473333.0,473333.0,473333.0,473333.0,456000.0,1,2112.6775441391155,0,retained_all_samples,49086464,0,0,4627,4627,4627,0,0,0,0,0,0,domain_signature_generated
MEASURED,aegis,aegis_domain_wrapper_transaction,ML-DSA-87,sign_domain,small128,128,1,1,1.0,1295167.0,1295167.0,0.0,0.0,1295167.0,1295167.0,1295167.0,1295167.0,1295167.0,1295167.0,1295167.0,1295167.0,1296000.0,1,772.1012039374073,0,retained_all_samples,49086464,0,0,4627,4627,4627,0,0,0,0,0,0,domain_signature_generated
MEASURED,aegis,aegis_domain_wrapper_transaction,ML-DSA-87,sign_domain,small64,64,1,1,1.0,620000.0,620000.0,0.0,0.0,620000.0,620000.0,620000.0,620000.0,620000.0,620000.0,620000.0,620000.0,621000.0,1,1612.9032258064517,0,retained_all_samples,49086464,0,0,4627,4627,4627,0,0,0,0,0,0,domain_signature_generated
MEASURED,aegis,aegis_domain_wrapper_transaction,ML-DSA-87,sign_domain,transaction512,512,1,1,1.0,896250.0,896250.0,0.0,0.0,896250.0,896250.0,896250.0,896250.0,896250.0,896250.0,896250.0,896250.0,892000.0,1,1115.7601115760112,0,retained_all_samples,49086464,0,0,4627,4627,4627,0,0,0,0,0,0,domain_signature_generated
MEASURED,aegis,aegis_domain_wrapper_transaction,ML-DSA-87,sign_domain,vote192,192,1,1,1.0,261834.0,261834.0,0.0,0.0,261834.0,261834.0,261834.0,261834.0,261834.0,261834.0,261834.0,261834.0,263000.0,1,3819.2137002833856,0,retained_all_samples,49086464,0,0,4627,4627,4627,0,0,0,0,0,0,domain_signature_generated
MEASURED,aegis,aegis_domain_wrapper_transaction,ML-DSA-87,verify_cache_hit,block4096,4096,1,1,1.0,20792.0,20792.0,0.0,0.0,20792.0,20792.0,20792.0,20792.0,20792.0,20792.0,20792.0,20792.0,22000.0,1,48095.42131589073,0,retained_all_samples,49102848,0,0,4627,4627,4627,0,0,0,0,0,0,accepted_cache_hit
MEASURED,aegis,aegis_domain_wrapper_transaction,ML-DSA-87,verify_cache_hit,digest32,32,1,1,1.0,12917.0,12917.0,0.0,0.0,12917.0,12917.0,12917.0,12917.0,12917.0,12917.0,12917.0,12917.0,14000.0,1,77417.356971433,0,retained_all_samples,49086464,0,0,4627,4627,4627,0,0,0,0,0,0,accepted_cache_hit
MEASURED,aegis,aegis_domain_wrapper_transaction,ML-DSA-87,verify_cache_hit,kilobyte1024,1024,1,1,1.0,15708.0,15708.0,0.0,0.0,15708.0,15708.0,15708.0,15708.0,15708.0,15708.0,15708.0,15708.0,17000.0,1,63661.82836771072,0,retained_all_samples,49086464,0,0,4627,4627,4627,0,0,0,0,0,0,accepted_cache_hit
MEASURED,aegis,aegis_domain_wrapper_transaction,ML-DSA-87,verify_cache_hit,large16384,16384,1,1,1.0,33125.0,33125.0,0.0,0.0,33125.0,33125.0,33125.0,33125.0,33125.0,33125.0,33125.0,33125.0,34000.0,1,30188.67924528302,0,retained_all_samples,49102848,0,0,4627,4627,4627,0,0,0,0,0,0,accepted_cache_hit
MEASURED,aegis,aegis_domain_wrapper_transaction,ML-DSA-87,verify_cache_hit,medium256,256,1,1,1.0,13125.0,13125.0,0.0,0.0,13125.0,13125.0,13125.0,13125.0,13125.0,13125.0,13125.0,13125.0,15000.0,1,76190.47619047618,0,retained_all_samples,49086464,0,0,4627,4627,4627,0,0,0,0,0,0,accepted_cache_hit
MEASURED,aegis,aegis_domain_wrapper_transaction,ML-DSA-87,verify_cache_hit,small128,128,1,1,1.0,13209.0,13209.0,0.0,0.0,13209.0,13209.0,13209.0,13209.0,13209.0,13209.0,13209.0,13209.0,13000.0,1,75705.95805889924,0,retained_all_samples,49086464,0,0,4627,4627,4627,0,0,0,0,0,0,accepted_cache_hit
MEASURED,aegis,aegis_domain_wrapper_transaction,ML-DSA-87,verify_cache_hit,small64,64,1,1,1.0,13125.0,13125.0,0.0,0.0,13125.0,13125.0,13125.0,13125.0,13125.0,13125.0,13125.0,13125.0,13000.0,1,76190.47619047618,0,retained_all_samples,49086464,0,0,4627,4627,4627,0,0,0,0,0,0,accepted_cache_hit
MEASURED,aegis,aegis_domain_wrapper_transaction,ML-DSA-87,verify_cache_hit,transaction512,512,1,1,1.0,15375.0,15375.0,0.0,0.0,15375.0,15375.0,15375.0,15375.0,15375.0,15375.0,15375.0,15375.0,16000.0,1,65040.650406504064,0,retained_all_samples,49086464,0,0,4627,4627,4627,0,0,0,0,0,0,accepted_cache_hit
MEASURED,aegis,aegis_domain_wrapper_transaction,ML-DSA-87,verify_cache_hit,vote192,192,1,1,1.0,12958.0,12958.0,0.0,0.0,12958.0,12958.0,12958.0,12958.0,12958.0,12958.0,12958.0,12958.0,13000.0,1,77172.40314863405,0,retained_all_samples,49086464,0,0,4627,4627,4627,0,0,0,0,0,0,accepted_cache_hit
MEASURED,aegis,aegis_domain_wrapper_transaction,ML-DSA-87,verify_cache_miss,block4096,4096,1,1,1.0,206750.0,206750.0,0.0,0.0,206750.0,206750.0,206750.0,206750.0,206750.0,206750.0,206750.0,206750.0,210000.0,1,4836.759371221282,0,retained_all_samples,49102848,0,0,4627,4627,4627,0,0,0,0,0,0,accepted_cache_miss
MEASURED,aegis,aegis_domain_wrapper_transaction,ML-DSA-87,verify_cache_miss,digest32,32,1,1,1.0,189083.0,189083.0,0.0,0.0,189083.0,189083.0,189083.0,189083.0,189083.0,189083.0,189083.0,189083.0,193000.0,1,5288.682747788009,0,retained_all_samples,49086464,0,0,4627,4627,4627,0,0,0,0,0,0,accepted_cache_miss
MEASURED,aegis,aegis_domain_wrapper_transaction,ML-DSA-87,verify_cache_miss,kilobyte1024,1024,1,1,1.0,196208.0,196208.0,0.0,0.0,196208.0,196208.0,196208.0,196208.0,196208.0,196208.0,196208.0,196208.0,200000.0,1,5096.632145478268,0,retained_all_samples,49086464,0,0,4627,4627,4627,0,0,0,0,0,0,accepted_cache_miss
MEASURED,aegis,aegis_domain_wrapper_transaction,ML-DSA-87,verify_cache_miss,large16384,16384,1,1,1.0,418375.0,418375.0,0.0,0.0,418375.0,418375.0,418375.0,418375.0,418375.0,418375.0,418375.0,418375.0,383000.0,1,2390.2001792650135,0,retained_all_samples,49102848,0,0,4627,4627,4627,0,0,0,0,0,0,accepted_cache_miss
MEASURED,aegis,aegis_domain_wrapper_transaction,ML-DSA-87,verify_cache_miss,medium256,256,1,1,1.0,177583.0,177583.0,0.0,0.0,177583.0,177583.0,177583.0,177583.0,177583.0,177583.0,177583.0,177583.0,181000.0,1,5631.169650248053,0,retained_all_samples,49086464,0,0,4627,4627,4627,0,0,0,0,0,0,accepted_cache_miss
MEASURED,aegis,aegis_domain_wrapper_transaction,ML-DSA-87,verify_cache_miss,small128,128,1,1,1.0,192542.0,192542.0,0.0,0.0,192542.0,192542.0,192542.0,192542.0,192542.0,192542.0,192542.0,192542.0,196000.0,1,5193.67202999865,0,retained_all_samples,49086464,0,0,4627,4627,4627,0,0,0,0,0,0,accepted_cache_miss
MEASURED,aegis,aegis_domain_wrapper_transaction,ML-DSA-87,verify_cache_miss,small64,64,1,1,1.0,181750.0,181750.0,0.0,0.0,181750.0,181750.0,181750.0,181750.0,181750.0,181750.0,181750.0,181750.0,185000.0,1,5502.063273727648,0,retained_all_samples,49086464,0,0,4627,4627,4627,0,0,0,0,0,0,accepted_cache_miss
MEASURED,aegis,aegis_domain_wrapper_transaction,ML-DSA-87,verify_cache_miss,transaction512,512,1,1,1.0,242875.0,242875.0,0.0,0.0,242875.0,242875.0,242875.0,242875.0,242875.0,242875.0,242875.0,242875.0,228000.0,1,4117.344312918168,0,retained_all_samples,49086464,0,0,4627,4627,4627,0,0,0,0,0,0,accepted_cache_miss
MEASURED,aegis,aegis_domain_wrapper_transaction,ML-DSA-87,verify_cache_miss,vote192,192,1,1,1.0,179375.0,179375.0,0.0,0.0,179375.0,179375.0,179375.0,179375.0,179375.0,179375.0,179375.0,179375.0,183000.0,1,5574.912891986062,0,retained_all_samples,49086464,0,0,4627,4627,4627,0,0,0,0,0,0,accepted_cache_miss
MEASURED,cold_start,fresh_process_aegis,ML-DSA-65,first_domain_sign,transaction512,512,2,2,1.0,401854.5,401854.5,9751.709619343677,0.024266767248702397,394959.0,401854.5,407370.9,408060.45,408612.09,408750.0,394959.0,408750.0,402500.0,2,2488.462864046564,0,retained_all_samples,6488064,1952,0,3309,3309.0,3309,0,0,0,0,0,0,signed
MEASURED,cold_start,fresh_process_aegis,ML-DSA-65,first_domain_verify,transaction512,512,2,2,1.0,368395.5,368395.5,161779.6675744514,0.43914669851952964,254000.0,368395.5,459911.9,471351.44999999995,480503.08999999997,482791.0,254000.0,482791.0,464000.0,2,2714.473982445497,0,retained_all_samples,6864896,1952,0,3309,3309.0,3309,0,0,0,0,0,0,accepted_cache_miss
MEASURED,cold_start,fresh_process_aegis,ML-DSA-65,first_keygen_register,transaction512,512,2,2,1.0,267354.5,267354.5,80757.95837253441,0.3020632096057273,210250.0,267354.5,313038.1,318748.55,323316.91000000003,324459.0,210250.0,324459.0,268000.0,2,3740.352228969402,0,retained_all_samples,6488064,1952,0,0,0.0,0,0,0,0,0,0,0,registered
MEASURED,cold_start,fresh_process_aegis,ML-DSA-65,first_signer_initialize,transaction512,512,2,2,1.0,1341521.0,1341521.0,595707.7646648565,0.4440539989048673,920292.0,1341521.0,1678504.2000000002,1720627.1,1754325.42,1762750.0,920292.0,1762750.0,1345500.0,2,745.4225464975949,0,retained_all_samples,6455296,0,0,0,0.0,0,0,0,0,0,0,0,initialized
MEASURED,cold_start,fresh_process_aegis,ML-DSA-65,first_verifier_initialize,transaction512,512,2,2,1.0,102458.5,102458.5,82319.2501453943,0.8034399307562994,44250.0,102458.5,149025.3,154846.15,159502.83000000002,160667.0,44250.0,160667.0,113000.0,2,9760.04919064792,0,retained_all_samples,6619136,1952,0,0,0.0,0,0,0,0,0,0,0,initialized
MEASURED,cold_start,fresh_process_aegis,ML-DSA-65,second_domain_sign,transaction512,512,2,2,1.0,680562.5,680562.5,365191.6611048232,0.5366026795552549,422333.0,680562.5,887146.1000000001,912969.05,933627.4099999999,938792.0,422333.0,938792.0,664000.0,2,1469.3727615024336,0,retained_all_samples,6864896,1952,0,3309,3309.0,3309,0,0,0,0,0,0,signed
MEASURED,cold_start,fresh_process_aegis,ML-DSA-65,second_domain_verify,transaction512,512,2,2,1.0,144416.5,144416.5,2416.183871314433,0.016730663541315798,142708.0,144416.5,145783.3,145954.15,146090.83,146125.0,142708.0,146125.0,148500.0,2,6924.416531352027,0,retained_all_samples,7028736,1952,0,3309,3309.0,3309,0,0,0,0,0,0,accepted_cache_miss
MEASURED,lifecycle,aegis_key_lifecycle,ML-DSA-65,lifecycle_root,registry1,0,1,1,1.0,12250.0,12250.0,0.0,0.0,12250.0,12250.0,12250.0,12250.0,12250.0,12250.0,12250.0,12250.0,13000.0,1,81632.6530612245,0,retained_all_samples,7127040,0,0,0,0,0,0,0,0,1,0,0,root_computed
MEASURED,lifecycle,aegis_key_lifecycle,ML-DSA-65,lifecycle_root,registry10,0,1,1,1.0,9209.0,9209.0,0.0,0.0,9209.0,9209.0,9209.0,9209.0,9209.0,9209.0,9209.0,9209.0,11000.0,1,108589.4233901618,0,retained_all_samples,7307264,0,0,0,0,0,0,0,0,10,0,0,root_computed
MEASURED,lifecycle,aegis_key_lifecycle,ML-DSA-65,lifecycle_root,registry100,0,1,1,1.0,62709.0,62709.0,0.0,0.0,62709.0,62709.0,62709.0,62709.0,62709.0,62709.0,62709.0,62709.0,66000.0,1,15946.67432107034,0,retained_all_samples,8863744,0,0,0,0,0,0,0,0,100,0,0,root_computed
MEASURED,lifecycle,aegis_key_lifecycle,ML-DSA-65,lifecycle_root,registry1000,0,1,1,1.0,513208.0,513208.0,0.0,0.0,513208.0,513208.0,513208.0,513208.0,513208.0,513208.0,513208.0,513208.0,487000.0,1,1948.5276924755656,0,retained_all_samples,21839872,0,0,0,0,0,0,0,0,1000,0,0,root_computed
MEASURED,lifecycle,aegis_key_lifecycle,ML-DSA-65,lifecycle_root,registry10000,0,1,1,1.0,4467542.0,4467542.0,0.0,0.0,4467542.0,4467542.0,4467542.0,4467542.0,4467542.0,4467542.0,4467542.0,4467542.0,4436000.0,1,223.8367316972062,0,retained_all_samples,149618688,0,0,0,0,0,0,0,0,10000,0,0,root_computed
MEASURED,lifecycle,aegis_key_registry,ML-DSA-65,active_key_check,registry1,0,1,1,1.0,16542.0,16542.0,0.0,0.0,16542.0,16542.0,16542.0,16542.0,16542.0,16542.0,16542.0,16542.0,41000.0,1,60452.18232378189,0,retained_all_samples,6864896,0,0,0,0,0,0,0,0,0,0,0,active
MEASURED,lifecycle,aegis_key_registry,ML-DSA-65,public_key_lookup,registry1,0,1,1,1.0,583.0,583.0,0.0,0.0,583.0,583.0,583.0,583.0,583.0,583.0,583.0,583.0,3000.0,1,1715265.8662092625,0,retained_all_samples,6684672,1952,0,0,0,0,0,0,0,0,0,0,found
MEASURED,lifecycle,aegis_key_registry,ML-DSA-65,register_public_key,growing_registry,0,1,1,1.0,13542.0,13542.0,0.0,0.0,13542.0,13542.0,13542.0,13542.0,13542.0,13542.0,13542.0,13542.0,16000.0,1,73844.33613941811,0,retained_all_samples,149684224,1952,0,0,0,0,0,0,0,0,0,0,registered
MEASURED,lifecycle,aegis_key_registry,ML-DSA-65,revocation_check,registry1,0,1,1,1.0,209.0,209.0,0.0,0.0,209.0,209.0,209.0,209.0,209.0,209.0,209.0,209.0,1000.0,1,4784688.995215311,0,retained_all_samples,6897664,0,0,0,0,0,0,0,0,0,0,0,not_revoked
MEASURED,lifecycle,aegis_key_registry,ML-DSA-65,role_authorization_check,registry1,0,1,1,1.0,1708.0,1708.0,0.0,0.0,1708.0,1708.0,1708.0,1708.0,1708.0,1708.0,1708.0,1708.0,4000.0,1,585480.093676815,0,retained_all_samples,6832128,0,0,0,0,0,0,0,0,0,0,0,authorized
MEASURED,lifecycle,aegis_key_registry,ML-DSA-65,rotate_generate_register_revoke,growing_registry,0,1,1,1.0,103333.0,103333.0,0.0,0.0,103333.0,103333.0,103333.0,103333.0,103333.0,103333.0,103333.0,103333.0,104000.0,1,9677.450572421201,0,retained_all_samples,149684224,0,0,0,0,0,0,0,0,0,0,0,new_key_registered_old_key_revoked
MEASURED,negative,aegis_domain_wrapper_block,ML-DSA-65,verify_tampered_signature,block4096,4096,1,1,1.0,145000.0,145000.0,0.0,0.0,145000.0,145000.0,145000.0,145000.0,145000.0,145000.0,145000.0,145000.0,159000.0,1,6896.551724137931,0,retained_all_samples,48824320,0,0,3309,3309,3309,0,0,0,0,0,0,rejected
MEASURED,negative,aegis_domain_wrapper_block,ML-DSA-65,verify_tampered_signature,digest32,32,1,1,1.0,135042.0,135042.0,0.0,0.0,135042.0,135042.0,135042.0,135042.0,135042.0,135042.0,135042.0,135042.0,138000.0,1,7405.103597399328,0,retained_all_samples,48726016,0,0,3309,3309,3309,0,0,0,0,0,0,rejected
MEASURED,negative,aegis_domain_wrapper_block,ML-DSA-65,verify_tampered_signature,kilobyte1024,1024,1,1,1.0,126416.0,126416.0,0.0,0.0,126416.0,126416.0,126416.0,126416.0,126416.0,126416.0,126416.0,126416.0,130000.0,1,7910.391089735476,0,retained_all_samples,48791552,0,0,3309,3309,3309,0,0,0,0,0,0,rejected
MEASURED,negative,aegis_domain_wrapper_block,ML-DSA-65,verify_tampered_signature,large16384,16384,1,1,1.0,212750.0,212750.0,0.0,0.0,212750.0,212750.0,212750.0,212750.0,212750.0,212750.0,212750.0,212750.0,215000.0,1,4700.352526439483,0,retained_all_samples,48922624,0,0,3309,3309,3309,0,0,0,0,0,0,rejected
MEASURED,negative,aegis_domain_wrapper_block,ML-DSA-65,verify_tampered_signature,medium256,256,1,1,1.0,126333.0,126333.0,0.0,0.0,126333.0,126333.0,126333.0,126333.0,126333.0,126333.0,126333.0,126333.0,129000.0,1,7915.588167778807,0,retained_all_samples,48775168,0,0,3309,3309,3309,0,0,0,0,0,0,rejected
MEASURED,negative,aegis_domain_wrapper_block,ML-DSA-65,verify_tampered_signature,small128,128,1,1,1.0,126375.0,126375.0,0.0,0.0,126375.0,126375.0,126375.0,126375.0,126375.0,126375.0,126375.0,126375.0,131000.0,1,7912.95746785361,0,retained_all_samples,48742400,0,0,3309,3309,3309,0,0,0,0,0,0,rejected
MEASURED,negative,aegis_domain_wrapper_block,ML-DSA-65,verify_tampered_signature,small64,64,1,1,1.0,121750.0,121750.0,0.0,0.0,121750.0,121750.0,121750.0,121750.0,121750.0,121750.0,121750.0,121750.0,126000.0,1,8213.552361396303,0,retained_all_samples,48742400,0,0,3309,3309,3309,0,0,0,0,0,0,rejected
MEASURED,negative,aegis_domain_wrapper_block,ML-DSA-65,verify_tampered_signature,transaction512,512,1,1,1.0,111791.0,111791.0,0.0,0.0,111791.0,111791.0,111791.0,111791.0,111791.0,111791.0,111791.0,111791.0,115000.0,1,8945.263930012256,0,retained_all_samples,48775168,0,0,3309,3309,3309,0,0,0,0,0,0,rejected
MEASURED,negative,aegis_domain_wrapper_block,ML-DSA-65,verify_tampered_signature,vote192,192,1,1,1.0,119333.0,119333.0,0.0,0.0,119333.0,119333.0,119333.0,119333.0,119333.0,119333.0,119333.0,119333.0,123000.0,1,8379.911675730938,0,retained_all_samples,48758784,0,0,3309,3309,3309,0,0,0,0,0,0,rejected
MEASURED,negative,aegis_domain_wrapper_p2p,FN-DSA-1024,verify_tampered_signature,block4096,4096,1,1,1.0,91500.0,91500.0,0.0,0.0,91500.0,91500.0,91500.0,91500.0,91500.0,91500.0,91500.0,91500.0,94000.0,1,10928.96174863388,0,retained_all_samples,49233920,0,0,1273,1273,1273,0,0,0,0,0,0,rejected
MEASURED,negative,aegis_domain_wrapper_p2p,FN-DSA-1024,verify_tampered_signature,digest32,32,1,1,1.0,71083.0,71083.0,0.0,0.0,71083.0,71083.0,71083.0,71083.0,71083.0,71083.0,71083.0,71083.0,74000.0,1,14068.061280474938,0,retained_all_samples,49233920,0,0,1274,1274,1274,0,0,0,0,0,0,rejected
MEASURED,negative,aegis_domain_wrapper_p2p,FN-DSA-1024,verify_tampered_signature,kilobyte1024,1024,1,1,1.0,82000.0,82000.0,0.0,0.0,82000.0,82000.0,82000.0,82000.0,82000.0,82000.0,82000.0,82000.0,85000.0,1,12195.121951219513,0,retained_all_samples,49233920,0,0,1273,1273,1273,0,0,0,0,0,0,rejected
MEASURED,negative,aegis_domain_wrapper_p2p,FN-DSA-1024,verify_tampered_signature,large16384,16384,1,1,1.0,214917.0,214917.0,0.0,0.0,214917.0,214917.0,214917.0,214917.0,214917.0,214917.0,214917.0,214917.0,199000.0,1,4652.959049307407,0,retained_all_samples,49233920,0,0,1271,1271,1271,0,0,0,0,0,0,rejected
MEASURED,negative,aegis_domain_wrapper_p2p,FN-DSA-1024,verify_tampered_signature,medium256,256,1,1,1.0,89084.0,89084.0,0.0,0.0,89084.0,89084.0,89084.0,89084.0,89084.0,89084.0,89084.0,89084.0,107000.0,1,11225.360334066723,0,retained_all_samples,49233920,0,0,1268,1268,1268,0,0,0,0,0,0,rejected
MEASURED,negative,aegis_domain_wrapper_p2p,FN-DSA-1024,verify_tampered_signature,small128,128,1,1,1.0,30333.0,30333.0,0.0,0.0,30333.0,30333.0,30333.0,30333.0,30333.0,30333.0,30333.0,30333.0,34000.0,1,32967.39524610161,0,retained_all_samples,49233920,0,0,1270,1270,1270,0,0,0,0,0,0,rejected
MEASURED,negative,aegis_domain_wrapper_p2p,FN-DSA-1024,verify_tampered_signature,small64,64,1,1,1.0,195208.0,195208.0,0.0,0.0,195208.0,195208.0,195208.0,195208.0,195208.0,195208.0,195208.0,195208.0,126000.0,1,5122.740871275767,0,retained_all_samples,49233920,0,0,1268,1268,1268,0,0,0,0,0,0,rejected
MEASURED,negative,aegis_domain_wrapper_p2p,FN-DSA-1024,verify_tampered_signature,transaction512,512,1,1,1.0,78208.0,78208.0,0.0,0.0,78208.0,78208.0,78208.0,78208.0,78208.0,78208.0,78208.0,78208.0,82000.0,1,12786.415711947628,0,retained_all_samples,49233920,0,0,1266,1266,1266,0,0,0,0,0,0,rejected
MEASURED,negative,aegis_domain_wrapper_p2p,FN-DSA-1024,verify_tampered_signature,vote192,192,1,1,1.0,78291.0,78291.0,0.0,0.0,78291.0,78291.0,78291.0,78291.0,78291.0,78291.0,78291.0,78291.0,88000.0,1,12772.860226590541,0,retained_all_samples,49233920,0,0,1268,1268,1268,0,0,0,0,0,0,rejected
MEASURED,negative,aegis_domain_wrapper_transaction,ML-DSA-65,verify_tampered_signature,block4096,4096,1,1,1.0,133916.0,133916.0,0.0,0.0,133916.0,133916.0,133916.0,133916.0,133916.0,133916.0,133916.0,133916.0,157000.0,1,7467.367603572388,0,retained_all_samples,48955392,0,0,3309,3309,3309,0,0,0,0,0,0,rejected
MEASURED,negative,aegis_domain_wrapper_transaction,ML-DSA-65,verify_tampered_signature,digest32,32,1,1,1.0,150666.0,150666.0,0.0,0.0,150666.0,150666.0,150666.0,150666.0,150666.0,150666.0,150666.0,150666.0,155000.0,1,6637.1975097234945,0,retained_all_samples,48922624,0,0,3309,3309,3309,0,0,0,0,0,0,rejected
MEASURED,negative,aegis_domain_wrapper_transaction,ML-DSA-65,verify_tampered_signature,kilobyte1024,1024,1,1,1.0,124125.0,124125.0,0.0,0.0,124125.0,124125.0,124125.0,124125.0,124125.0,124125.0,124125.0,124125.0,127000.0,1,8056.394763343404,0,retained_all_samples,48955392,0,0,3309,3309,3309,0,0,0,0,0,0,rejected
MEASURED,negative,aegis_domain_wrapper_transaction,ML-DSA-65,verify_tampered_signature,large16384,16384,1,1,1.0,210500.0,210500.0,0.0,0.0,210500.0,210500.0,210500.0,210500.0,210500.0,210500.0,210500.0,210500.0,214000.0,1,4750.593824228028,0,retained_all_samples,48955392,0,0,3309,3309,3309,0,0,0,0,0,0,rejected
MEASURED,negative,aegis_domain_wrapper_transaction,ML-DSA-65,verify_tampered_signature,medium256,256,1,1,1.0,130458.0,130458.0,0.0,0.0,130458.0,130458.0,130458.0,130458.0,130458.0,130458.0,130458.0,130458.0,128000.0,1,7665.302242867437,0,retained_all_samples,48939008,0,0,3309,3309,3309,0,0,0,0,0,0,rejected
MEASURED,negative,aegis_domain_wrapper_transaction,ML-DSA-65,verify_tampered_signature,small128,128,1,1,1.0,123458.0,123458.0,0.0,0.0,123458.0,123458.0,123458.0,123458.0,123458.0,123458.0,123458.0,123458.0,128000.0,1,8099.920620777916,0,retained_all_samples,48939008,0,0,3309,3309,3309,0,0,0,0,0,0,rejected
MEASURED,negative,aegis_domain_wrapper_transaction,ML-DSA-65,verify_tampered_signature,small64,64,1,1,1.0,109750.0,109750.0,0.0,0.0,109750.0,109750.0,109750.0,109750.0,109750.0,109750.0,109750.0,109750.0,113000.0,1,9111.617312072893,0,retained_all_samples,48939008,0,0,3309,3309,3309,0,0,0,0,0,0,rejected
MEASURED,negative,aegis_domain_wrapper_transaction,ML-DSA-65,verify_tampered_signature,transaction512,512,1,1,1.0,112625.0,112625.0,0.0,0.0,112625.0,112625.0,112625.0,112625.0,112625.0,112625.0,112625.0,112625.0,116000.0,1,8879.023307436182,0,retained_all_samples,48955392,0,0,3309,3309,3309,0,0,0,0,0,0,rejected
MEASURED,negative,aegis_domain_wrapper_transaction,ML-DSA-65,verify_tampered_signature,vote192,192,1,1,1.0,134875.0,134875.0,0.0,0.0,134875.0,134875.0,134875.0,134875.0,134875.0,134875.0,134875.0,134875.0,132000.0,1,7414.272474513438,0,retained_all_samples,48939008,0,0,3309,3309,3309,0,0,0,0,0,0,rejected
MEASURED,negative,aegis_domain_wrapper_transaction,ML-DSA-87,verify_tampered_signature,block4096,4096,1,1,1.0,218042.0,218042.0,0.0,0.0,218042.0,218042.0,218042.0,218042.0,218042.0,218042.0,218042.0,218042.0,221000.0,1,4586.2723695434825,0,retained_all_samples,49102848,0,0,4627,4627,4627,0,0,0,0,0,0,rejected
MEASURED,negative,aegis_domain_wrapper_transaction,ML-DSA-87,verify_tampered_signature,digest32,32,1,1,1.0,189667.0,189667.0,0.0,0.0,189667.0,189667.0,189667.0,189667.0,189667.0,189667.0,189667.0,189667.0,193000.0,1,5272.398466786526,0,retained_all_samples,49086464,0,0,4627,4627,4627,0,0,0,0,0,0,rejected
MEASURED,negative,aegis_domain_wrapper_transaction,ML-DSA-87,verify_tampered_signature,kilobyte1024,1024,1,1,1.0,197542.0,197542.0,0.0,0.0,197542.0,197542.0,197542.0,197542.0,197542.0,197542.0,197542.0,197542.0,201000.0,1,5062.2146176509295,0,retained_all_samples,49086464,0,0,4627,4627,4627,0,0,0,0,0,0,rejected
MEASURED,negative,aegis_domain_wrapper_transaction,ML-DSA-87,verify_tampered_signature,large16384,16384,1,1,1.0,271667.0,271667.0,0.0,0.0,271667.0,271667.0,271667.0,271667.0,271667.0,271667.0,271667.0,271667.0,274000.0,1,3680.9770785557316,0,retained_all_samples,49102848,0,0,4627,4627,4627,0,0,0,0,0,0,rejected
MEASURED,negative,aegis_domain_wrapper_transaction,ML-DSA-87,verify_tampered_signature,medium256,256,1,1,1.0,203542.0,203542.0,0.0,0.0,203542.0,203542.0,203542.0,203542.0,203542.0,203542.0,203542.0,203542.0,206000.0,1,4912.990930618742,0,retained_all_samples,49086464,0,0,4627,4627,4627,0,0,0,0,0,0,rejected
MEASURED,negative,aegis_domain_wrapper_transaction,ML-DSA-87,verify_tampered_signature,small128,128,1,1,1.0,188667.0,188667.0,0.0,0.0,188667.0,188667.0,188667.0,188667.0,188667.0,188667.0,188667.0,188667.0,193000.0,1,5300.343992325102,0,retained_all_samples,49086464,0,0,4627,4627,4627,0,0,0,0,0,0,rejected
MEASURED,negative,aegis_domain_wrapper_transaction,ML-DSA-87,verify_tampered_signature,small64,64,1,1,1.0,188541.0,188541.0,0.0,0.0,188541.0,188541.0,188541.0,188541.0,188541.0,188541.0,188541.0,188541.0,192000.0,1,5303.886157387517,0,retained_all_samples,49086464,0,0,4627,4627,4627,0,0,0,0,0,0,rejected
MEASURED,negative,aegis_domain_wrapper_transaction,ML-DSA-87,verify_tampered_signature,transaction512,512,1,1,1.0,205208.0,205208.0,0.0,0.0,205208.0,205208.0,205208.0,205208.0,205208.0,205208.0,205208.0,205208.0,213000.0,1,4873.104362403025,0,retained_all_samples,49086464,0,0,4627,4627,4627,0,0,0,0,0,0,rejected
MEASURED,negative,aegis_domain_wrapper_transaction,ML-DSA-87,verify_tampered_signature,vote192,192,1,1,1.0,196500.0,196500.0,0.0,0.0,196500.0,196500.0,196500.0,196500.0,196500.0,196500.0,196500.0,196500.0,200000.0,1,5089.058524173028,0,retained_all_samples,49086464,0,0,4627,4627,4627,0,0,0,0,0,0,rejected
MEASURED,negative,aegis_lifecycle_policy,ML-DSA-65,expired,policy256,256,1,1,1.0,250.0,250.0,0.0,0.0,250.0,250.0,250.0,250.0,250.0,250.0,250.0,250.0,0.0,1,4000000.0,0,retained_all_samples,150011904,0,0,3309,3309,3309,0,0,0,0,0,0,rejected
MEASURED,negative,aegis_lifecycle_policy,ML-DSA-65,missing_key,policy256,256,1,1,1.0,625.0,625.0,0.0,0.0,625.0,625.0,625.0,625.0,625.0,625.0,625.0,625.0,1000.0,1,1600000.0,0,retained_all_samples,149979136,0,0,3309,3309,3309,0,0,0,0,0,0,rejected
MEASURED,negative,aegis_lifecycle_policy,ML-DSA-65,missing_signature,policy256,256,1,1,1.0,125.0,125.0,0.0,0.0,125.0,125.0,125.0,125.0,125.0,125.0,125.0,125.0,1000.0,1,8000000.0,0,retained_all_samples,184320000,0,0,0,0,0,0,0,0,0,0,0,rejected
MEASURED,negative,aegis_lifecycle_policy,ML-DSA-65,not_yet_active,policy256,256,1,1,1.0,333.0,333.0,0.0,0.0,333.0,333.0,333.0,333.0,333.0,333.0,333.0,333.0,2000.0,1,3003003.003003003,0,retained_all_samples,149995520,0,0,3309,3309,3309,0,0,0,0,0,0,rejected
MEASURED,negative,aegis_lifecycle_policy,ML-DSA-65,revoked,policy256,256,1,1,1.0,291.0,291.0,0.0,0.0,291.0,291.0,291.0,291.0,291.0,291.0,291.0,291.0,2000.0,1,3436426.116838488,0,retained_all_samples,150011904,0,0,3309,3309,3309,0,0,0,0,0,0,rejected
MEASURED,negative,aegis_lifecycle_policy,ML-DSA-65,unknown_algorithm,policy256,256,1,1,1.0,333.0,333.0,0.0,0.0,333.0,333.0,333.0,333.0,333.0,333.0,333.0,333.0,0.0,1,3003003.003003003,0,retained_all_samples,184320000,0,0,3309,3309,3309,0,0,0,0,0,0,rejected
MEASURED,negative,aegis_lifecycle_policy,ML-DSA-65,wrong_domain,policy256,256,1,1,1.0,70112125.0,70112125.0,0.0,0.0,70112125.0,70112125.0,70112125.0,70112125.0,70112125.0,70112125.0,70112125.0,70112125.0,69817000.0,1,14.262868227143308,0,retained_all_samples,184320000,0,0,3309,3309,3309,0,0,0,0,0,0,rejected
MEASURED,negative,aegis_lifecycle_policy,ML-DSA-65,wrong_public_key,policy256,256,1,1,1.0,146083.0,146083.0,0.0,0.0,146083.0,146083.0,146083.0,146083.0,146083.0,146083.0,146083.0,146083.0,161000.0,1,6845.423492124341,0,retained_all_samples,149979136,0,0,3309,3309,3309,0,0,0,0,0,0,rejected
MEASURED,negative,aegis_lifecycle_policy,ML-DSA-65,wrong_role,policy256,256,1,1,1.0,1042.0,1042.0,0.0,0.0,1042.0,1042.0,1042.0,1042.0,1042.0,1042.0,1042.0,1042.0,3000.0,1,959692.8982725528,0,retained_all_samples,149766144,0,0,3309,3309,3309,0,0,0,0,0,0,rejected
MEASURED,negative,runtime_pqc_manager,FN-DSA-1024,verify_tampered_signature,block4096,4096,1,1,1.0,100041.0,100041.0,0.0,0.0,100041.0,100041.0,100041.0,100041.0,100041.0,100041.0,100041.0,100041.0,86000.0,1,9995.901680311072,0,retained_all_samples,18120704,1793,0,1273,1273,1273,0,0,0,0,0,0,rejected
MEASURED,negative,runtime_pqc_manager,FN-DSA-1024,verify_tampered_signature,digest32,32,1,1,1.0,53458.0,53458.0,0.0,0.0,53458.0,53458.0,53458.0,53458.0,53458.0,53458.0,53458.0,53458.0,54000.0,1,18706.274084327884,0,retained_all_samples,18022400,1793,0,1271,1271,1271,0,0,0,0,0,0,rejected
MEASURED,negative,runtime_pqc_manager,FN-DSA-1024,verify_tampered_signature,kilobyte1024,1024,1,1,1.0,56167.0,56167.0,0.0,0.0,56167.0,56167.0,56167.0,56167.0,56167.0,56167.0,56167.0,56167.0,56000.0,1,17804.048640660887,0,retained_all_samples,18120704,1793,0,1272,1272,1272,0,0,0,0,0,0,rejected
MEASURED,negative,runtime_pqc_manager,FN-DSA-1024,verify_tampered_signature,large16384,16384,1,1,1.0,105916.0,105916.0,0.0,0.0,105916.0,105916.0,105916.0,105916.0,105916.0,105916.0,105916.0,105916.0,106000.0,1,9441.444163299218,0,retained_all_samples,18120704,1793,0,1269,1269,1269,0,0,0,0,0,0,rejected
MEASURED,negative,runtime_pqc_manager,FN-DSA-1024,verify_tampered_signature,medium256,256,1,1,1.0,55000.0,55000.0,0.0,0.0,55000.0,55000.0,55000.0,55000.0,55000.0,55000.0,55000.0,55000.0,55000.0,1,18181.81818181818,0,retained_all_samples,18104320,1793,0,1271,1271,1271,0,0,0,0,0,0,rejected
MEASURED,negative,runtime_pqc_manager,FN-DSA-1024,verify_tampered_signature,small128,128,1,1,1.0,52917.0,52917.0,0.0,0.0,52917.0,52917.0,52917.0,52917.0,52917.0,52917.0,52917.0,52917.0,54000.0,1,18897.518755787365,0,retained_all_samples,18087936,1793,0,1277,1277,1277,0,0,0,0,0,0,rejected
MEASURED,negative,runtime_pqc_manager,FN-DSA-1024,verify_tampered_signature,small64,64,1,1,1.0,54500.0,54500.0,0.0,0.0,54500.0,54500.0,54500.0,54500.0,54500.0,54500.0,54500.0,54500.0,55000.0,1,18348.623853211007,0,retained_all_samples,18055168,1793,0,1270,1270,1270,0,0,0,0,0,0,rejected
MEASURED,negative,runtime_pqc_manager,FN-DSA-1024,verify_tampered_signature,transaction512,512,1,1,1.0,67250.0,67250.0,0.0,0.0,67250.0,67250.0,67250.0,67250.0,67250.0,67250.0,67250.0,67250.0,66000.0,1,14869.888475836431,0,retained_all_samples,18104320,1793,0,1272,1272,1272,0,0,0,0,0,0,rejected
MEASURED,negative,runtime_pqc_manager,FN-DSA-1024,verify_tampered_signature,vote192,192,1,1,1.0,55041.0,55041.0,0.0,0.0,55041.0,55041.0,55041.0,55041.0,55041.0,55041.0,55041.0,55041.0,55000.0,1,18168.274558965135,0,retained_all_samples,18087936,1793,0,1267,1267,1267,0,0,0,0,0,0,rejected
MEASURED,negative,runtime_pqc_manager,HQC-256,decapsulate_tampered_ciphertext,kem,0,1,0,0.0,8213042.0,8213042.0,0.0,0.0,8213042.0,8213042.0,8213042.0,8213042.0,8213042.0,8213042.0,8213042.0,8213042.0,8147000.0,1,121.75756558897422,0,retained_all_samples,20299776,7245,7317,0,0,0,14421,0,0,0,0,0,panic_caught
MEASURED,negative,runtime_pqc_manager,ML-DSA-65,verify_tampered_signature,block4096,4096,1,1,1.0,169250.0,169250.0,0.0,0.0,169250.0,169250.0,169250.0,169250.0,169250.0,169250.0,169250.0,169250.0,170000.0,1,5908.419497784343,0,retained_all_samples,6815744,1952,0,3309,3309,3309,0,0,0,0,0,0,rejected
MEASURED,negative,runtime_pqc_manager,ML-DSA-65,verify_tampered_signature,digest32,32,1,1,1.0,183625.0,183625.0,0.0,0.0,183625.0,183625.0,183625.0,183625.0,183625.0,183625.0,183625.0,183625.0,184000.0,1,5445.881552076243,0,retained_all_samples,6635520,1952,0,3309,3309,3309,0,0,0,0,0,0,rejected
MEASURED,negative,runtime_pqc_manager,ML-DSA-65,verify_tampered_signature,kilobyte1024,1024,1,1,1.0,164791.0,164791.0,0.0,0.0,164791.0,164791.0,164791.0,164791.0,164791.0,164791.0,164791.0,164791.0,164000.0,1,6068.292564521121,0,retained_all_samples,6750208,1952,0,3309,3309,3309,0,0,0,0,0,0,rejected
MEASURED,negative,runtime_pqc_manager,ML-DSA-65,verify_tampered_signature,large16384,16384,1,1,1.0,229458.0,229458.0,0.0,0.0,229458.0,229458.0,229458.0,229458.0,229458.0,229458.0,229458.0,229458.0,230000.0,1,4358.096035004227,0,retained_all_samples,6979584,1952,0,3309,3309,3309,0,0,0,0,0,0,rejected
MEASURED,negative,runtime_pqc_manager,ML-DSA-65,verify_tampered_signature,medium256,256,1,1,1.0,160083.0,160083.0,0.0,0.0,160083.0,160083.0,160083.0,160083.0,160083.0,160083.0,160083.0,160083.0,160000.0,1,6246.75949351274,0,retained_all_samples,6717440,1952,0,3309,3309,3309,0,0,0,0,0,0,rejected
MEASURED,negative,runtime_pqc_manager,ML-DSA-65,verify_tampered_signature,small128,128,1,1,1.0,184959.0,184959.0,0.0,0.0,184959.0,184959.0,184959.0,184959.0,184959.0,184959.0,184959.0,184959.0,186000.0,1,5406.603625668391,0,retained_all_samples,6701056,1952,0,3309,3309,3309,0,0,0,0,0,0,rejected
MEASURED,negative,runtime_pqc_manager,ML-DSA-65,verify_tampered_signature,small64,64,1,1,1.0,207709.0,207709.0,0.0,0.0,207709.0,207709.0,207709.0,207709.0,207709.0,207709.0,207709.0,207709.0,195000.0,1,4814.427877463182,0,retained_all_samples,6668288,1952,0,3309,3309,3309,0,0,0,0,0,0,rejected
MEASURED,negative,runtime_pqc_manager,ML-DSA-65,verify_tampered_signature,transaction512,512,1,1,1.0,173542.0,173542.0,0.0,0.0,173542.0,173542.0,173542.0,173542.0,173542.0,173542.0,173542.0,173542.0,174000.0,1,5762.293853937375,0,retained_all_samples,6733824,1952,0,3309,3309,3309,0,0,0,0,0,0,rejected
MEASURED,negative,runtime_pqc_manager,ML-DSA-65,verify_tampered_signature,vote192,192,1,1,1.0,185208.0,185208.0,0.0,0.0,185208.0,185208.0,185208.0,185208.0,185208.0,185208.0,185208.0,185208.0,185000.0,1,5399.334801952399,0,retained_all_samples,6717440,1952,0,3309,3309,3309,0,0,0,0,0,0,rejected
MEASURED,negative,runtime_pqc_manager,ML-DSA-87,verify_tampered_signature,block4096,4096,1,1,1.0,163416.0,163416.0,0.0,0.0,163416.0,163416.0,163416.0,163416.0,163416.0,163416.0,163416.0,163416.0,163000.0,1,6119.351838253292,0,retained_all_samples,12550144,2592,0,4627,4627,4627,0,0,0,0,0,0,rejected
MEASURED,negative,runtime_pqc_manager,ML-DSA-87,verify_tampered_signature,digest32,32,1,1,1.0,156417.0,156417.0,0.0,0.0,156417.0,156417.0,156417.0,156417.0,156417.0,156417.0,156417.0,156417.0,157000.0,1,6393.166983128433,0,retained_all_samples,12468224,2592,0,4627,4627,4627,0,0,0,0,0,0,rejected
MEASURED,negative,runtime_pqc_manager,ML-DSA-87,verify_tampered_signature,kilobyte1024,1024,1,1,1.0,159416.0,159416.0,0.0,0.0,159416.0,159416.0,159416.0,159416.0,159416.0,159416.0,159416.0,159416.0,160000.0,1,6272.896070657901,0,retained_all_samples,12533760,2592,0,4627,4627,4627,0,0,0,0,0,0,rejected
MEASURED,negative,runtime_pqc_manager,ML-DSA-87,verify_tampered_signature,large16384,16384,1,1,1.0,223666.0,223666.0,0.0,0.0,223666.0,223666.0,223666.0,223666.0,223666.0,223666.0,223666.0,223666.0,224000.0,1,4470.952223404541,0,retained_all_samples,12550144,2592,0,4627,4627,4627,0,0,0,0,0,0,rejected
MEASURED,negative,runtime_pqc_manager,ML-DSA-87,verify_tampered_signature,medium256,256,1,1,1.0,159417.0,159417.0,0.0,0.0,159417.0,159417.0,159417.0,159417.0,159417.0,159417.0,159417.0,159417.0,159000.0,1,6272.85672167962,0,retained_all_samples,12500992,2592,0,4627,4627,4627,0,0,0,0,0,0,rejected
MEASURED,negative,runtime_pqc_manager,ML-DSA-87,verify_tampered_signature,small128,128,1,1,1.0,155166.0,155166.0,0.0,0.0,155166.0,155166.0,155166.0,155166.0,155166.0,155166.0,155166.0,155166.0,155000.0,1,6444.710825825246,0,retained_all_samples,12468224,2592,0,4627,4627,4627,0,0,0,0,0,0,rejected
MEASURED,negative,runtime_pqc_manager,ML-DSA-87,verify_tampered_signature,small64,64,1,1,1.0,171792.0,171792.0,0.0,0.0,171792.0,171792.0,171792.0,171792.0,171792.0,171792.0,171792.0,171792.0,172000.0,1,5820.992828536835,0,retained_all_samples,12468224,2592,0,4627,4627,4627,0,0,0,0,0,0,rejected
MEASURED,negative,runtime_pqc_manager,ML-DSA-87,verify_tampered_signature,transaction512,512,1,1,1.0,156333.0,156333.0,0.0,0.0,156333.0,156333.0,156333.0,156333.0,156333.0,156333.0,156333.0,156333.0,156000.0,1,6396.602124951226,0,retained_all_samples,12517376,2592,0,4627,4627,4627,0,0,0,0,0,0,rejected
MEASURED,negative,runtime_pqc_manager,ML-DSA-87,verify_tampered_signature,vote192,192,1,1,1.0,155000.0,155000.0,0.0,0.0,155000.0,155000.0,155000.0,155000.0,155000.0,155000.0,155000.0,155000.0,156000.0,1,6451.612903225807,0,retained_all_samples,12484608,2592,0,4627,4627,4627,0,0,0,0,0,0,rejected
MEASURED,negative,runtime_pqc_manager,ML-KEM-1024,decapsulate_tampered_ciphertext,kem,0,1,1,1.0,14625.0,14625.0,0.0,0.0,14625.0,14625.0,14625.0,14625.0,14625.0,14625.0,14625.0,14625.0,15000.0,1,68376.06837606838,0,retained_all_samples,19972096,1568,3168,0,0,0,1568,32,0,0,0,0,implicit_rejection_secret_differs
MEASURED,negative,runtime_pqc_manager,SLH-DSA-SHAKE-128f-simple,verify_tampered_signature,block4096,4096,1,1,1.0,1423667.0,1423667.0,0.0,0.0,1423667.0,1423667.0,1423667.0,1423667.0,1423667.0,1423667.0,1423667.0,1423667.0,1423000.0,1,702.4114487446853,0,retained_all_samples,19660800,32,0,17088,17088,17088,0,0,0,0,0,0,rejected
MEASURED,negative,runtime_pqc_manager,SLH-DSA-SHAKE-128f-simple,verify_tampered_signature,digest32,32,1,1,1.0,1414083.0,1414083.0,0.0,0.0,1414083.0,1414083.0,1414083.0,1414083.0,1414083.0,1414083.0,1414083.0,1414083.0,1415000.0,1,707.1720684005112,0,retained_all_samples,19628032,32,0,17088,17088,17088,0,0,0,0,0,0,rejected
MEASURED,negative,runtime_pqc_manager,SLH-DSA-SHAKE-128f-simple,verify_tampered_signature,kilobyte1024,1024,1,1,1.0,1417833.0,1417833.0,0.0,0.0,1417833.0,1417833.0,1417833.0,1417833.0,1417833.0,1417833.0,1417833.0,1417833.0,1419000.0,1,705.3016822150422,0,retained_all_samples,19660800,32,0,17088,17088,17088,0,0,0,0,0,0,rejected
MEASURED,negative,runtime_pqc_manager,SLH-DSA-SHAKE-128f-simple,verify_tampered_signature,large16384,16384,1,1,1.0,1360709.0,1360709.0,0.0,0.0,1360709.0,1360709.0,1360709.0,1360709.0,1360709.0,1360709.0,1360709.0,1360709.0,1360000.0,1,734.9109912552941,0,retained_all_samples,19660800,32,0,17088,17088,17088,0,0,0,0,0,0,rejected
MEASURED,negative,runtime_pqc_manager,SLH-DSA-SHAKE-128f-simple,verify_tampered_signature,medium256,256,1,1,1.0,1577208.0,1577208.0,0.0,0.0,1577208.0,1577208.0,1577208.0,1577208.0,1577208.0,1577208.0,1577208.0,1577208.0,1533000.0,1,634.0317827452054,0,retained_all_samples,19660800,32,0,17088,17088,17088,0,0,0,0,0,0,rejected
MEASURED,negative,runtime_pqc_manager,SLH-DSA-SHAKE-128f-simple,verify_tampered_signature,small128,128,1,1,1.0,1343792.0,1343792.0,0.0,0.0,1343792.0,1343792.0,1343792.0,1343792.0,1343792.0,1343792.0,1343792.0,1343792.0,1344000.0,1,744.1627870980033,0,retained_all_samples,19644416,32,0,17088,17088,17088,0,0,0,0,0,0,rejected
MEASURED,negative,runtime_pqc_manager,SLH-DSA-SHAKE-128f-simple,verify_tampered_signature,small64,64,1,1,1.0,1427250.0,1427250.0,0.0,0.0,1427250.0,1427250.0,1427250.0,1427250.0,1427250.0,1427250.0,1427250.0,1427250.0,1428000.0,1,700.6480994920302,0,retained_all_samples,19628032,32,0,17088,17088,17088,0,0,0,0,0,0,rejected
MEASURED,negative,runtime_pqc_manager,SLH-DSA-SHAKE-128f-simple,verify_tampered_signature,transaction512,512,1,1,1.0,1368083.0,1368083.0,0.0,0.0,1368083.0,1368083.0,1368083.0,1368083.0,1368083.0,1368083.0,1368083.0,1368083.0,1369000.0,1,730.9498034841454,0,retained_all_samples,19660800,32,0,17088,17088,17088,0,0,0,0,0,0,rejected
MEASURED,negative,runtime_pqc_manager,SLH-DSA-SHAKE-128f-simple,verify_tampered_signature,vote192,192,1,1,1.0,1466583.0,1466583.0,0.0,0.0,1466583.0,1466583.0,1466583.0,1466583.0,1466583.0,1466583.0,1466583.0,1466583.0,1463000.0,1,681.8570786651693,0,retained_all_samples,19660800,32,0,17088,17088,17088,0,0,0,0,0,0,rejected
MEASURED,primitive,runtime_pqc_manager,FN-DSA-1024,keygen,none,0,1,1,1.0,20920625.0,20920625.0,0.0,0.0,20920625.0,20920625.0,20920625.0,20920625.0,20920625.0,20920625.0,20920625.0,20920625.0,20838000.0,1,47.79971917664984,0,retained_all_samples,18006016,1793,2305,0,0,0,0,0,0,0,0,0,keypair_generated
MEASURED,primitive,runtime_pqc_manager,FN-DSA-1024,sign,block4096,4096,1,1,1.0,6344250.0,6344250.0,0.0,0.0,6344250.0,6344250.0,6344250.0,6344250.0,6344250.0,6344250.0,6344250.0,6344250.0,6293000.0,1,157.6230444891043,0,retained_all_samples,18120704,1793,2305,1269,1269,1269,0,0,0,0,0,0,signature_generated
MEASURED,primitive,runtime_pqc_manager,FN-DSA-1024,sign,digest32,32,1,1,1.0,6222084.0,6222084.0,0.0,0.0,6222084.0,6222084.0,6222084.0,6222084.0,6222084.0,6222084.0,6222084.0,6222084.0,6137000.0,1,160.7178559466571,0,retained_all_samples,18006016,1793,2305,1274,1274,1274,0,0,0,0,0,0,signature_generated
MEASURED,primitive,runtime_pqc_manager,FN-DSA-1024,sign,kilobyte1024,1024,1,1,1.0,6103250.0,6103250.0,0.0,0.0,6103250.0,6103250.0,6103250.0,6103250.0,6103250.0,6103250.0,6103250.0,6103250.0,6073000.0,1,163.8471306271249,0,retained_all_samples,18120704,1793,2305,1270,1270,1270,0,0,0,0,0,0,signature_generated
MEASURED,primitive,runtime_pqc_manager,FN-DSA-1024,sign,large16384,16384,1,1,1.0,6111833.0,6111833.0,0.0,0.0,6111833.0,6111833.0,6111833.0,6111833.0,6111833.0,6111833.0,6111833.0,6111833.0,6114000.0,1,163.617036002129,0,retained_all_samples,18120704,1793,2305,1277,1277,1277,0,0,0,0,0,0,signature_generated
MEASURED,primitive,runtime_pqc_manager,FN-DSA-1024,sign,medium256,256,1,1,1.0,6125750.0,6125750.0,0.0,0.0,6125750.0,6125750.0,6125750.0,6125750.0,6125750.0,6125750.0,6125750.0,6125750.0,6108000.0,1,163.24531689997144,0,retained_all_samples,18104320,1793,2305,1268,1268,1268,0,0,0,0,0,0,signature_generated
MEASURED,primitive,runtime_pqc_manager,FN-DSA-1024,sign,small128,128,1,1,1.0,5896500.0,5896500.0,0.0,0.0,5896500.0,5896500.0,5896500.0,5896500.0,5896500.0,5896500.0,5896500.0,5896500.0,5901000.0,1,169.59213092512508,0,retained_all_samples,18087936,1793,2305,1269,1269,1269,0,0,0,0,0,0,signature_generated
MEASURED,primitive,runtime_pqc_manager,FN-DSA-1024,sign,small64,64,1,1,1.0,6118209.0,6118209.0,0.0,0.0,6118209.0,6118209.0,6118209.0,6118209.0,6118209.0,6118209.0,6118209.0,6118209.0,6082000.0,1,163.4465249552606,0,retained_all_samples,18055168,1793,2305,1272,1272,1272,0,0,0,0,0,0,signature_generated
MEASURED,primitive,runtime_pqc_manager,FN-DSA-1024,sign,transaction512,512,1,1,1.0,6119958.0,6119958.0,0.0,0.0,6119958.0,6119958.0,6119958.0,6119958.0,6119958.0,6119958.0,6119958.0,6119958.0,6084000.0,1,163.3998141817313,0,retained_all_samples,18104320,1793,2305,1271,1271,1271,0,0,0,0,0,0,signature_generated
MEASURED,primitive,runtime_pqc_manager,FN-DSA-1024,sign,vote192,192,1,1,1.0,6035208.0,6035208.0,0.0,0.0,6035208.0,6035208.0,6035208.0,6035208.0,6035208.0,6035208.0,6035208.0,6035208.0,6014000.0,1,165.6943720912353,0,retained_all_samples,18087936,1793,2305,1265,1265,1265,0,0,0,0,0,0,signature_generated
MEASURED,primitive,runtime_pqc_manager,FN-DSA-1024,verify_valid,block4096,4096,1,1,1.0,74792.0,74792.0,0.0,0.0,74792.0,74792.0,74792.0,74792.0,74792.0,74792.0,74792.0,74792.0,76000.0,1,13370.41394801583,0,retained_all_samples,18120704,1793,2305,1273,1273,1273,0,0,0,0,0,0,accepted
MEASURED,primitive,runtime_pqc_manager,FN-DSA-1024,verify_valid,digest32,32,1,1,1.0,58042.0,58042.0,0.0,0.0,58042.0,58042.0,58042.0,58042.0,58042.0,58042.0,58042.0,58042.0,59000.0,1,17228.903208021777,0,retained_all_samples,18022400,1793,2305,1271,1271,1271,0,0,0,0,0,0,accepted
MEASURED,primitive,runtime_pqc_manager,FN-DSA-1024,verify_valid,kilobyte1024,1024,1,1,1.0,59709.0,59709.0,0.0,0.0,59709.0,59709.0,59709.0,59709.0,59709.0,59709.0,59709.0,59709.0,61000.0,1,16747.893952335493,0,retained_all_samples,18120704,1793,2305,1272,1272,1272,0,0,0,0,0,0,accepted
MEASURED,primitive,runtime_pqc_manager,FN-DSA-1024,verify_valid,large16384,16384,1,1,1.0,118000.0,118000.0,0.0,0.0,118000.0,118000.0,118000.0,118000.0,118000.0,118000.0,118000.0,118000.0,120000.0,1,8474.57627118644,0,retained_all_samples,18120704,1793,2305,1269,1269,1269,0,0,0,0,0,0,accepted
MEASURED,primitive,runtime_pqc_manager,FN-DSA-1024,verify_valid,medium256,256,1,1,1.0,58292.0,58292.0,0.0,0.0,58292.0,58292.0,58292.0,58292.0,58292.0,58292.0,58292.0,58292.0,60000.0,1,17155.012694709396,0,retained_all_samples,18104320,1793,2305,1271,1271,1271,0,0,0,0,0,0,accepted
MEASURED,primitive,runtime_pqc_manager,FN-DSA-1024,verify_valid,small128,128,1,1,1.0,66083.0,66083.0,0.0,0.0,66083.0,66083.0,66083.0,66083.0,66083.0,66083.0,66083.0,66083.0,67000.0,1,15132.484905346308,0,retained_all_samples,18087936,1793,2305,1277,1277,1277,0,0,0,0,0,0,accepted
MEASURED,primitive,runtime_pqc_manager,FN-DSA-1024,verify_valid,small64,64,1,1,1.0,58125.0,58125.0,0.0,0.0,58125.0,58125.0,58125.0,58125.0,58125.0,58125.0,58125.0,58125.0,60000.0,1,17204.301075268817,0,retained_all_samples,18055168,1793,2305,1270,1270,1270,0,0,0,0,0,0,accepted
MEASURED,primitive,runtime_pqc_manager,FN-DSA-1024,verify_valid,transaction512,512,1,1,1.0,95833.0,95833.0,0.0,0.0,95833.0,95833.0,95833.0,95833.0,95833.0,95833.0,95833.0,95833.0,83000.0,1,10434.818903717925,0,retained_all_samples,18104320,1793,2305,1272,1272,1272,0,0,0,0,0,0,accepted
MEASURED,primitive,runtime_pqc_manager,FN-DSA-1024,verify_valid,vote192,192,1,1,1.0,58375.0,58375.0,0.0,0.0,58375.0,58375.0,58375.0,58375.0,58375.0,58375.0,58375.0,58375.0,60000.0,1,17130.620985010708,0,retained_all_samples,18087936,1793,2305,1267,1267,1267,0,0,0,0,0,0,accepted
MEASURED,primitive,runtime_pqc_manager,HQC-256,decapsulate,kem,0,1,1,1.0,7927041.0,7927041.0,0.0,0.0,7927041.0,7927041.0,7927041.0,7927041.0,7927041.0,7927041.0,7927041.0,7927041.0,7844000.0,1,126.15047657757793,0,retained_all_samples,20168704,7245,7317,0,0,0,14421,64,0,0,0,0,shared_secret_match
MEASURED,primitive,runtime_pqc_manager,HQC-256,encapsulate,kem,0,1,1,1.0,5566250.0,5566250.0,0.0,0.0,5566250.0,5566250.0,5566250.0,5566250.0,5566250.0,5566250.0,5566250.0,5566250.0,5466000.0,1,179.6541657309679,0,retained_all_samples,20152320,7245,7317,0,0,0,14421,64,0,0,0,0,encapsulated
MEASURED,primitive,runtime_pqc_manager,HQC-256,keygen,none,0,1,1,1.0,2692125.0,2692125.0,0.0,0.0,2692125.0,2692125.0,2692125.0,2692125.0,2692125.0,2692125.0,2692125.0,2692125.0,2654000.0,1,371.4537772205971,0,retained_all_samples,20054016,7245,7317,0,0,0,0,0,0,0,0,0,keypair_generated
MEASURED,primitive,runtime_pqc_manager,ML-DSA-65,keygen,none,0,1,1,1.0,178417.0,178417.0,0.0,0.0,178417.0,178417.0,178417.0,178417.0,178417.0,178417.0,178417.0,178417.0,181000.0,1,5604.8470717476475,0,retained_all_samples,6406144,1952,4032,0,0,0,0,0,0,0,0,0,keypair_generated
MEASURED,primitive,runtime_pqc_manager,ML-DSA-65,sign,block4096,4096,1,1,1.0,390000.0,390000.0,0.0,0.0,390000.0,390000.0,390000.0,390000.0,390000.0,390000.0,390000.0,390000.0,390000.0,1,2564.102564102564,0,retained_all_samples,6815744,1952,4032,3309,3309,3309,0,0,0,0,0,0,signature_generated
MEASURED,primitive,runtime_pqc_manager,ML-DSA-65,sign,digest32,32,1,1,1.0,682542.0,682542.0,0.0,0.0,682542.0,682542.0,682542.0,682542.0,682542.0,682542.0,682542.0,682542.0,686000.0,1,1465.1113045058032,0,retained_all_samples,6619136,1952,4032,3309,3309,3309,0,0,0,0,0,0,signature_generated
MEASURED,primitive,runtime_pqc_manager,ML-DSA-65,sign,kilobyte1024,1024,1,1,1.0,405708.0,405708.0,0.0,0.0,405708.0,405708.0,405708.0,405708.0,405708.0,405708.0,405708.0,405708.0,410000.0,1,2464.8269198536877,0,retained_all_samples,6733824,1952,4032,3309,3309,3309,0,0,0,0,0,0,signature_generated
MEASURED,primitive,runtime_pqc_manager,ML-DSA-65,sign,large16384,16384,1,1,1.0,330334.0,330334.0,0.0,0.0,330334.0,330334.0,330334.0,330334.0,330334.0,330334.0,330334.0,330334.0,315000.0,1,3027.2390973983906,0,retained_all_samples,6914048,1952,4032,3309,3309,3309,0,0,0,0,0,0,signature_generated
MEASURED,primitive,runtime_pqc_manager,ML-DSA-65,sign,medium256,256,1,1,1.0,238917.0,238917.0,0.0,0.0,238917.0,238917.0,238917.0,238917.0,238917.0,238917.0,238917.0,238917.0,240000.0,1,4185.55397899689,0,retained_all_samples,6717440,1952,4032,3309,3309,3309,0,0,0,0,0,0,signature_generated
MEASURED,primitive,runtime_pqc_manager,ML-DSA-65,sign,small128,128,1,1,1.0,290292.0,290292.0,0.0,0.0,290292.0,290292.0,290292.0,290292.0,290292.0,290292.0,290292.0,290292.0,288000.0,1,3444.807297479779,0,retained_all_samples,6684672,1952,4032,3309,3309,3309,0,0,0,0,0,0,signature_generated
MEASURED,primitive,runtime_pqc_manager,ML-DSA-65,sign,small64,64,1,1,1.0,2022083.0,2022083.0,0.0,0.0,2022083.0,2022083.0,2022083.0,2022083.0,2022083.0,2022083.0,2022083.0,2022083.0,2017000.0,1,494.539541650862,0,retained_all_samples,6668288,1952,4032,3309,3309,3309,0,0,0,0,0,0,signature_generated
MEASURED,primitive,runtime_pqc_manager,ML-DSA-65,sign,transaction512,512,1,1,1.0,565750.0,565750.0,0.0,0.0,565750.0,565750.0,565750.0,565750.0,565750.0,565750.0,565750.0,565750.0,548000.0,1,1767.5651789659744,0,retained_all_samples,6717440,1952,4032,3309,3309,3309,0,0,0,0,0,0,signature_generated
MEASURED,primitive,runtime_pqc_manager,ML-DSA-65,sign,vote192,192,1,1,1.0,489125.0,489125.0,0.0,0.0,489125.0,489125.0,489125.0,489125.0,489125.0,489125.0,489125.0,489125.0,494000.0,1,2044.4671607462305,0,retained_all_samples,6701056,1952,4032,3309,3309,3309,0,0,0,0,0,0,signature_generated
MEASURED,primitive,runtime_pqc_manager,ML-DSA-65,verify_valid,block4096,4096,1,1,1.0,166542.0,166542.0,0.0,0.0,166542.0,166542.0,166542.0,166542.0,166542.0,166542.0,166542.0,166542.0,168000.0,1,6004.4913595369335,0,retained_all_samples,6815744,1952,4032,3309,3309,3309,0,0,0,0,0,0,accepted
MEASURED,primitive,runtime_pqc_manager,ML-DSA-65,verify_valid,digest32,32,1,1,1.0,190291.0,190291.0,0.0,0.0,190291.0,190291.0,190291.0,190291.0,190291.0,190291.0,190291.0,190291.0,191000.0,1,5255.109279997478,0,retained_all_samples,6635520,1952,4032,3309,3309,3309,0,0,0,0,0,0,accepted
MEASURED,primitive,runtime_pqc_manager,ML-DSA-65,verify_valid,kilobyte1024,1024,1,1,1.0,164500.0,164500.0,0.0,0.0,164500.0,164500.0,164500.0,164500.0,164500.0,164500.0,164500.0,164500.0,165000.0,1,6079.0273556231,0,retained_all_samples,6750208,1952,4032,3309,3309,3309,0,0,0,0,0,0,accepted
MEASURED,primitive,runtime_pqc_manager,ML-DSA-65,verify_valid,large16384,16384,1,1,1.0,251084.0,251084.0,0.0,0.0,251084.0,251084.0,251084.0,251084.0,251084.0,251084.0,251084.0,251084.0,252000.0,1,3982.7308789090503,0,retained_all_samples,6946816,1952,4032,3309,3309,3309,0,0,0,0,0,0,accepted
MEASURED,primitive,runtime_pqc_manager,ML-DSA-65,verify_valid,medium256,256,1,1,1.0,160042.0,160042.0,0.0,0.0,160042.0,160042.0,160042.0,160042.0,160042.0,160042.0,160042.0,160042.0,162000.0,1,6248.359805551043,0,retained_all_samples,6717440,1952,4032,3309,3309,3309,0,0,0,0,0,0,accepted
MEASURED,primitive,runtime_pqc_manager,ML-DSA-65,verify_valid,small128,128,1,1,1.0,186208.0,186208.0,0.0,0.0,186208.0,186208.0,186208.0,186208.0,186208.0,186208.0,186208.0,186208.0,186000.0,1,5370.338546141948,0,retained_all_samples,6684672,1952,4032,3309,3309,3309,0,0,0,0,0,0,accepted
MEASURED,primitive,runtime_pqc_manager,ML-DSA-65,verify_valid,small64,64,1,1,1.0,221917.0,221917.0,0.0,0.0,221917.0,221917.0,221917.0,221917.0,221917.0,221917.0,221917.0,221917.0,206000.0,1,4506.1892509361605,0,retained_all_samples,6668288,1952,4032,3309,3309,3309,0,0,0,0,0,0,accepted
MEASURED,primitive,runtime_pqc_manager,ML-DSA-65,verify_valid,transaction512,512,1,1,1.0,161750.0,161750.0,0.0,0.0,161750.0,161750.0,161750.0,161750.0,161750.0,161750.0,161750.0,161750.0,162000.0,1,6182.380216383308,0,retained_all_samples,6717440,1952,4032,3309,3309,3309,0,0,0,0,0,0,accepted
MEASURED,primitive,runtime_pqc_manager,ML-DSA-65,verify_valid,vote192,192,1,1,1.0,186542.0,186542.0,0.0,0.0,186542.0,186542.0,186542.0,186542.0,186542.0,186542.0,186542.0,186542.0,188000.0,1,5360.723054325567,0,retained_all_samples,6717440,1952,4032,3309,3309,3309,0,0,0,0,0,0,accepted
MEASURED,primitive,runtime_pqc_manager,ML-DSA-87,keygen,none,0,1,1,1.0,211292.0,211292.0,0.0,0.0,211292.0,211292.0,211292.0,211292.0,211292.0,211292.0,211292.0,211292.0,212000.0,1,4732.786854211234,0,retained_all_samples,12419072,2592,4896,0,0,0,0,0,0,0,0,0,keypair_generated
MEASURED,primitive,runtime_pqc_manager,ML-DSA-87,sign,block4096,4096,1,1,1.0,885125.0,885125.0,0.0,0.0,885125.0,885125.0,885125.0,885125.0,885125.0,885125.0,885125.0,885125.0,879000.0,1,1129.7839288236125,0,retained_all_samples,12533760,2592,4896,4627,4627,4627,0,0,0,0,0,0,signature_generated
MEASURED,primitive,runtime_pqc_manager,ML-DSA-87,sign,digest32,32,1,1,1.0,210750.0,210750.0,0.0,0.0,210750.0,210750.0,210750.0,210750.0,210750.0,210750.0,210750.0,210750.0,214000.0,1,4744.958481613286,0,retained_all_samples,12451840,2592,4896,4627,4627,4627,0,0,0,0,0,0,signature_generated
MEASURED,primitive,runtime_pqc_manager,ML-DSA-87,sign,kilobyte1024,1024,1,1,1.0,235833.0,235833.0,0.0,0.0,235833.0,235833.0,235833.0,235833.0,235833.0,235833.0,235833.0,235833.0,237000.0,1,4240.288678853256,0,retained_all_samples,12517376,2592,4896,4627,4627,4627,0,0,0,0,0,0,signature_generated
MEASURED,primitive,runtime_pqc_manager,ML-DSA-87,sign,large16384,16384,1,1,1.0,263625.0,263625.0,0.0,0.0,263625.0,263625.0,263625.0,263625.0,263625.0,263625.0,263625.0,263625.0,264000.0,1,3793.266951161688,0,retained_all_samples,12550144,2592,4896,4627,4627,4627,0,0,0,0,0,0,signature_generated
MEASURED,primitive,runtime_pqc_manager,ML-DSA-87,sign,medium256,256,1,1,1.0,395625.0,395625.0,0.0,0.0,395625.0,395625.0,395625.0,395625.0,395625.0,395625.0,395625.0,395625.0,400000.0,1,2527.646129541864,0,retained_all_samples,12484608,2592,4896,4627,4627,4627,0,0,0,0,0,0,signature_generated
MEASURED,primitive,runtime_pqc_manager,ML-DSA-87,sign,small128,128,1,1,1.0,440958.0,440958.0,0.0,0.0,440958.0,440958.0,440958.0,440958.0,440958.0,440958.0,440958.0,440958.0,442000.0,1,2267.7896761142783,0,retained_all_samples,12468224,2592,4896,4627,4627,4627,0,0,0,0,0,0,signature_generated
MEASURED,primitive,runtime_pqc_manager,ML-DSA-87,sign,small64,64,1,1,1.0,618834.0,618834.0,0.0,0.0,618834.0,618834.0,618834.0,618834.0,618834.0,618834.0,618834.0,618834.0,620000.0,1,1615.942239760582,0,retained_all_samples,12468224,2592,4896,4627,4627,4627,0,0,0,0,0,0,signature_generated
MEASURED,primitive,runtime_pqc_manager,ML-DSA-87,sign,transaction512,512,1,1,1.0,291167.0,291167.0,0.0,0.0,291167.0,291167.0,291167.0,291167.0,291167.0,291167.0,291167.0,291167.0,295000.0,1,3434.455140864178,0,retained_all_samples,12517376,2592,4896,4627,4627,4627,0,0,0,0,0,0,signature_generated
MEASURED,primitive,runtime_pqc_manager,ML-DSA-87,sign,vote192,192,1,1,1.0,455834.0,455834.0,0.0,0.0,455834.0,455834.0,455834.0,455834.0,455834.0,455834.0,455834.0,455834.0,457000.0,1,2193.781069424396,0,retained_all_samples,12468224,2592,4896,4627,4627,4627,0,0,0,0,0,0,signature_generated
MEASURED,primitive,runtime_pqc_manager,ML-DSA-87,verify_valid,block4096,4096,1,1,1.0,163667.0,163667.0,0.0,0.0,163667.0,163667.0,163667.0,163667.0,163667.0,163667.0,163667.0,163667.0,164000.0,1,6109.967189476192,0,retained_all_samples,12550144,2592,4896,4627,4627,4627,0,0,0,0,0,0,accepted
MEASURED,primitive,runtime_pqc_manager,ML-DSA-87,verify_valid,digest32,32,1,1,1.0,206042.0,206042.0,0.0,0.0,206042.0,206042.0,206042.0,206042.0,206042.0,206042.0,206042.0,206042.0,191000.0,1,4853.379408081847,0,retained_all_samples,12468224,2592,4896,4627,4627,4627,0,0,0,0,0,0,accepted
MEASURED,primitive,runtime_pqc_manager,ML-DSA-87,verify_valid,kilobyte1024,1024,1,1,1.0,159125.0,159125.0,0.0,0.0,159125.0,159125.0,159125.0,159125.0,159125.0,159125.0,159125.0,159125.0,160000.0,1,6284.367635506677,0,retained_all_samples,12533760,2592,4896,4627,4627,4627,0,0,0,0,0,0,accepted
MEASURED,primitive,runtime_pqc_manager,ML-DSA-87,verify_valid,large16384,16384,1,1,1.0,256916.0,256916.0,0.0,0.0,256916.0,256916.0,256916.0,256916.0,256916.0,256916.0,256916.0,256916.0,237000.0,1,3892.3227825437107,0,retained_all_samples,12550144,2592,4896,4627,4627,4627,0,0,0,0,0,0,accepted
MEASURED,primitive,runtime_pqc_manager,ML-DSA-87,verify_valid,medium256,256,1,1,1.0,169334.0,169334.0,0.0,0.0,169334.0,169334.0,169334.0,169334.0,169334.0,169334.0,169334.0,169334.0,170000.0,1,5905.488561068657,0,retained_all_samples,12500992,2592,4896,4627,4627,4627,0,0,0,0,0,0,accepted
MEASURED,primitive,runtime_pqc_manager,ML-DSA-87,verify_valid,small128,128,1,1,1.0,155125.0,155125.0,0.0,0.0,155125.0,155125.0,155125.0,155125.0,155125.0,155125.0,155125.0,155125.0,156000.0,1,6446.414182111201,0,retained_all_samples,12468224,2592,4896,4627,4627,4627,0,0,0,0,0,0,accepted
MEASURED,primitive,runtime_pqc_manager,ML-DSA-87,verify_valid,small64,64,1,1,1.0,161917.0,161917.0,0.0,0.0,161917.0,161917.0,161917.0,161917.0,161917.0,161917.0,161917.0,161917.0,163000.0,1,6176.003755010283,0,retained_all_samples,12468224,2592,4896,4627,4627,4627,0,0,0,0,0,0,accepted
MEASURED,primitive,runtime_pqc_manager,ML-DSA-87,verify_valid,transaction512,512,1,1,1.0,175458.0,175458.0,0.0,0.0,175458.0,175458.0,175458.0,175458.0,175458.0,175458.0,175458.0,175458.0,176000.0,1,5699.369649716741,0,retained_all_samples,12517376,2592,4896,4627,4627,4627,0,0,0,0,0,0,accepted
MEASURED,primitive,runtime_pqc_manager,ML-DSA-87,verify_valid,vote192,192,1,1,1.0,155125.0,155125.0,0.0,0.0,155125.0,155125.0,155125.0,155125.0,155125.0,155125.0,155125.0,155125.0,156000.0,1,6446.414182111201,0,retained_all_samples,12468224,2592,4896,4627,4627,4627,0,0,0,0,0,0,accepted
MEASURED,primitive,runtime_pqc_manager,ML-KEM-1024,decapsulate,kem,0,1,1,1.0,14125.0,14125.0,0.0,0.0,14125.0,14125.0,14125.0,14125.0,14125.0,14125.0,14125.0,14125.0,14000.0,1,70796.46017699115,0,retained_all_samples,19972096,1568,3168,0,0,0,1568,32,0,0,0,0,shared_secret_match
MEASURED,primitive,runtime_pqc_manager,ML-KEM-1024,encapsulate,kem,0,1,1,1.0,11917.0,11917.0,0.0,0.0,11917.0,11917.0,11917.0,11917.0,11917.0,11917.0,11917.0,11917.0,12000.0,1,83913.7366786943,0,retained_all_samples,19972096,1568,3168,0,0,0,1568,32,0,0,0,0,encapsulated
MEASURED,primitive,runtime_pqc_manager,ML-KEM-1024,keygen,none,0,1,1,1.0,15125.0,15125.0,0.0,0.0,15125.0,15125.0,15125.0,15125.0,15125.0,15125.0,15125.0,15125.0,16000.0,1,66115.70247933884,0,retained_all_samples,19922944,1568,3168,0,0,0,0,0,0,0,0,0,keypair_generated
MEASURED,primitive,runtime_pqc_manager,SLH-DSA-SHAKE-128f-simple,keygen,none,0,1,1,1.0,983208.0,983208.0,0.0,0.0,983208.0,983208.0,983208.0,983208.0,983208.0,983208.0,983208.0,983208.0,984000.0,1,1017.0787869911555,0,retained_all_samples,19546112,32,64,0,0,0,0,0,0,0,0,0,keypair_generated
MEASURED,primitive,runtime_pqc_manager,SLH-DSA-SHAKE-128f-simple,sign,block4096,4096,1,1,1.0,23955625.0,23955625.0,0.0,0.0,23955625.0,23955625.0,23955625.0,23955625.0,23955625.0,23955625.0,23955625.0,23955625.0,23937000.0,1,41.74384930470401,0,retained_all_samples,19660800,32,64,17088,17088,17088,0,0,0,0,0,0,signature_generated
MEASURED,primitive,runtime_pqc_manager,SLH-DSA-SHAKE-128f-simple,sign,digest32,32,1,1,1.0,23873708.0,23873708.0,0.0,0.0,23873708.0,23873708.0,23873708.0,23873708.0,23873708.0,23873708.0,23873708.0,23873708.0,23787000.0,1,41.887083481124925,0,retained_all_samples,19628032,32,64,17088,17088,17088,0,0,0,0,0,0,signature_generated
MEASURED,primitive,runtime_pqc_manager,SLH-DSA-SHAKE-128f-simple,sign,kilobyte1024,1024,1,1,1.0,23925708.0,23925708.0,0.0,0.0,23925708.0,23925708.0,23925708.0,23925708.0,23925708.0,23925708.0,23925708.0,23925708.0,23830000.0,1,41.79604632807522,0,retained_all_samples,19660800,32,64,17088,17088,17088,0,0,0,0,0,0,signature_generated
MEASURED,primitive,runtime_pqc_manager,SLH-DSA-SHAKE-128f-simple,sign,large16384,16384,1,1,1.0,24213875.0,24213875.0,0.0,0.0,24213875.0,24213875.0,24213875.0,24213875.0,24213875.0,24213875.0,24213875.0,24213875.0,24183000.0,1,41.298635596326484,0,retained_all_samples,19660800,32,64,17088,17088,17088,0,0,0,0,0,0,signature_generated
MEASURED,primitive,runtime_pqc_manager,SLH-DSA-SHAKE-128f-simple,sign,medium256,256,1,1,1.0,24244417.0,24244417.0,0.0,0.0,24244417.0,24244417.0,24244417.0,24244417.0,24244417.0,24244417.0,24244417.0,24244417.0,24091000.0,1,41.24660947714272,0,retained_all_samples,19660800,32,64,17088,17088,17088,0,0,0,0,0,0,signature_generated
MEASURED,primitive,runtime_pqc_manager,SLH-DSA-SHAKE-128f-simple,sign,small128,128,1,1,1.0,24168375.0,24168375.0,0.0,0.0,24168375.0,24168375.0,24168375.0,24168375.0,24168375.0,24168375.0,24168375.0,24168375.0,24073000.0,1,41.376385462406965,0,retained_all_samples,19644416,32,64,17088,17088,17088,0,0,0,0,0,0,signature_generated
MEASURED,primitive,runtime_pqc_manager,SLH-DSA-SHAKE-128f-simple,sign,small64,64,1,1,1.0,24235583.0,24235583.0,0.0,0.0,24235583.0,24235583.0,24235583.0,24235583.0,24235583.0,24235583.0,24235583.0,24235583.0,23939000.0,1,41.261644087538556,0,retained_all_samples,19628032,32,64,17088,17088,17088,0,0,0,0,0,0,signature_generated
MEASURED,primitive,runtime_pqc_manager,SLH-DSA-SHAKE-128f-simple,sign,transaction512,512,1,1,1.0,23872584.0,23872584.0,0.0,0.0,23872584.0,23872584.0,23872584.0,23872584.0,23872584.0,23872584.0,23872584.0,23872584.0,23773000.0,1,41.8890556631825,0,retained_all_samples,19660800,32,64,17088,17088,17088,0,0,0,0,0,0,signature_generated
MEASURED,primitive,runtime_pqc_manager,SLH-DSA-SHAKE-128f-simple,sign,vote192,192,1,1,1.0,24099667.0,24099667.0,0.0,0.0,24099667.0,24099667.0,24099667.0,24099667.0,24099667.0,24099667.0,24099667.0,24099667.0,23930000.0,1,41.49434927876804,0,retained_all_samples,19644416,32,64,17088,17088,17088,0,0,0,0,0,0,signature_generated
MEASURED,primitive,runtime_pqc_manager,SLH-DSA-SHAKE-128f-simple,verify_valid,block4096,4096,1,1,1.0,1395833.0,1395833.0,0.0,0.0,1395833.0,1395833.0,1395833.0,1395833.0,1395833.0,1395833.0,1395833.0,1395833.0,1398000.0,1,716.4180815326762,0,retained_all_samples,19660800,32,64,17088,17088,17088,0,0,0,0,0,0,accepted
MEASURED,primitive,runtime_pqc_manager,SLH-DSA-SHAKE-128f-simple,verify_valid,digest32,32,1,1,1.0,1465041.0,1465041.0,0.0,0.0,1465041.0,1465041.0,1465041.0,1465041.0,1465041.0,1465041.0,1465041.0,1465041.0,1467000.0,1,682.5747538806081,0,retained_all_samples,19628032,32,64,17088,17088,17088,0,0,0,0,0,0,accepted
MEASURED,primitive,runtime_pqc_manager,SLH-DSA-SHAKE-128f-simple,verify_valid,kilobyte1024,1024,1,1,1.0,1479667.0,1479667.0,0.0,0.0,1479667.0,1479667.0,1479667.0,1479667.0,1479667.0,1479667.0,1479667.0,1479667.0,1481000.0,1,675.8277369164819,0,retained_all_samples,19660800,32,64,17088,17088,17088,0,0,0,0,0,0,accepted
MEASURED,primitive,runtime_pqc_manager,SLH-DSA-SHAKE-128f-simple,verify_valid,large16384,16384,1,1,1.0,1554791.0,1554791.0,0.0,0.0,1554791.0,1554791.0,1554791.0,1554791.0,1554791.0,1554791.0,1554791.0,1554791.0,1531000.0,1,643.1732625156693,0,retained_all_samples,19660800,32,64,17088,17088,17088,0,0,0,0,0,0,accepted
MEASURED,primitive,runtime_pqc_manager,SLH-DSA-SHAKE-128f-simple,verify_valid,medium256,256,1,1,1.0,1408916.0,1408916.0,0.0,0.0,1408916.0,1408916.0,1408916.0,1408916.0,1408916.0,1408916.0,1408916.0,1408916.0,1411000.0,1,709.7655218621976,0,retained_all_samples,19660800,32,64,17088,17088,17088,0,0,0,0,0,0,accepted
MEASURED,primitive,runtime_pqc_manager,SLH-DSA-SHAKE-128f-simple,verify_valid,small128,128,1,1,1.0,1415583.0,1415583.0,0.0,0.0,1415583.0,1415583.0,1415583.0,1415583.0,1415583.0,1415583.0,1415583.0,1415583.0,1418000.0,1,706.4227247713486,0,retained_all_samples,19644416,32,64,17088,17088,17088,0,0,0,0,0,0,accepted
MEASURED,primitive,runtime_pqc_manager,SLH-DSA-SHAKE-128f-simple,verify_valid,small64,64,1,1,1.0,1443250.0,1443250.0,0.0,0.0,1443250.0,1443250.0,1443250.0,1443250.0,1443250.0,1443250.0,1443250.0,1443250.0,1445000.0,1,692.8806513078123,0,retained_all_samples,19628032,32,64,17088,17088,17088,0,0,0,0,0,0,accepted
MEASURED,primitive,runtime_pqc_manager,SLH-DSA-SHAKE-128f-simple,verify_valid,transaction512,512,1,1,1.0,1423958.0,1423958.0,0.0,0.0,1423958.0,1423958.0,1423958.0,1423958.0,1423958.0,1423958.0,1423958.0,1423958.0,1426000.0,1,702.2679039690778,0,retained_all_samples,19660800,32,64,17088,17088,17088,0,0,0,0,0,0,accepted
MEASURED,primitive,runtime_pqc_manager,SLH-DSA-SHAKE-128f-simple,verify_valid,vote192,192,1,1,1.0,1549875.0,1549875.0,0.0,0.0,1549875.0,1549875.0,1549875.0,1549875.0,1549875.0,1549875.0,1549875.0,1549875.0,1518000.0,1,645.2133236551334,0,retained_all_samples,19644416,32,64,17088,17088,17088,0,0,0,0,0,0,accepted
MEASURED,primitive,runtime_pqc_manager_batch,FN-DSA-1024,verify_batch,transaction512_batch10,512,1,1,1.0,568792.0,568792.0,0.0,0.0,568792.0,568792.0,568792.0,568792.0,568792.0,568792.0,568792.0,568792.0,571000.0,10,17581.11928437812,0,retained_all_samples,19480576,1793,2305,1272,1272,1272,0,0,0,0,0,0,batch_accepted
MEASURED,primitive,runtime_pqc_manager_batch,FN-DSA-1024,verify_batch,transaction512_batch100,512,1,1,1.0,5911041.0,5911041.0,0.0,0.0,5911041.0,5911041.0,5911041.0,5911041.0,5911041.0,5911041.0,5911041.0,5911041.0,5912000.0,100,16917.493889824145,0,retained_all_samples,19513344,1793,2305,1272,1272,1272,0,0,0,0,0,0,batch_accepted
MEASURED,primitive,runtime_pqc_manager_batch,FN-DSA-1024,verify_batch,transaction512_batch1000,512,1,1,1.0,59691500.0,59691500.0,0.0,0.0,59691500.0,59691500.0,59691500.0,59691500.0,59691500.0,59691500.0,59691500.0,59691500.0,59388000.0,1000,16752.804000569595,0,retained_all_samples,19513344,1793,2305,1272,1272,1272,0,0,0,0,0,0,batch_accepted
MEASURED,primitive,runtime_pqc_manager_batch,ML-DSA-65,verify_batch,transaction512_batch10,512,1,1,1.0,963208.0,963208.0,0.0,0.0,963208.0,963208.0,963208.0,963208.0,963208.0,963208.0,963208.0,963208.0,964000.0,10,10381.973571648075,0,retained_all_samples,12288000,1952,4032,3309,3309,3309,0,0,0,0,0,0,batch_accepted
MEASURED,primitive,runtime_pqc_manager_batch,ML-DSA-65,verify_batch,transaction512_batch100,512,1,1,1.0,9506541.0,9506541.0,0.0,0.0,9506541.0,9506541.0,9506541.0,9506541.0,9506541.0,9506541.0,9506541.0,9506541.0,9460000.0,100,10519.073130805411,0,retained_all_samples,12288000,1952,4032,3309,3309,3309,0,0,0,0,0,0,batch_accepted
MEASURED,primitive,runtime_pqc_manager_batch,ML-DSA-65,verify_batch,transaction512_batch1000,512,1,1,1.0,98314584.0,98314584.0,0.0,0.0,98314584.0,98314584.0,98314584.0,98314584.0,98314584.0,98314584.0,98314584.0,98314584.0,97389000.0,1000,10171.43092422585,0,retained_all_samples,12288000,1952,4032,3309,3309,3309,0,0,0,0,0,0,batch_accepted
MEASURED,primitive,runtime_pqc_manager_batch,ML-DSA-87,verify_batch,transaction512_batch10,512,1,1,1.0,1564708.0,1564708.0,0.0,0.0,1564708.0,1564708.0,1564708.0,1564708.0,1564708.0,1564708.0,1564708.0,1564708.0,1567000.0,10,6390.968794177572,0,retained_all_samples,17825792,2592,4896,4627,4627,4627,0,0,0,0,0,0,batch_accepted
MEASURED,primitive,runtime_pqc_manager_batch,ML-DSA-87,verify_batch,transaction512_batch100,512,1,1,1.0,15879750.0,15879750.0,0.0,0.0,15879750.0,15879750.0,15879750.0,15879750.0,15879750.0,15879750.0,15879750.0,15879750.0,15854000.0,100,6297.3283584439305,0,retained_all_samples,17825792,2592,4896,4627,4627,4627,0,0,0,0,0,0,batch_accepted
MEASURED,primitive,runtime_pqc_manager_batch,ML-DSA-87,verify_batch,transaction512_batch1000,512,1,1,1.0,159194708.0,159194708.0,0.0,0.0,159194708.0,159194708.0,159194708.0,159194708.0,159194708.0,159194708.0,159194708.0,159194708.0,158374000.0,1000,6281.615843662341,0,retained_all_samples,17825792,2592,4896,4627,4627,4627,0,0,0,0,0,0,batch_accepted
MEASURED,primitive,runtime_pqc_manager_batch,SLH-DSA-SHAKE-128f-simple,verify_batch,transaction512_batch10,512,1,1,1.0,14693958.0,14693958.0,0.0,0.0,14693958.0,14693958.0,14693958.0,14693958.0,14693958.0,14693958.0,14693958.0,14693958.0,14619000.0,10,680.5518295342888,0,retained_all_samples,19841024,32,64,17088,17088,17088,0,0,0,0,0,0,batch_accepted
